-- phpMyAdmin SQL Dump
-- version 5.0.2
-- https://www.phpmyadmin.net/
--
-- Host: 127.0.0.1
-- Generation Time: Jan 26, 2021 at 11:31 AM
-- Server version: 10.4.11-MariaDB
-- PHP Version: 7.4.4

SET SQL_MODE = "NO_AUTO_VALUE_ON_ZERO";
START TRANSACTION;
SET time_zone = "+00:00";


/*!40101 SET @OLD_CHARACTER_SET_CLIENT=@@CHARACTER_SET_CLIENT */;
/*!40101 SET @OLD_CHARACTER_SET_RESULTS=@@CHARACTER_SET_RESULTS */;
/*!40101 SET @OLD_COLLATION_CONNECTION=@@COLLATION_CONNECTION */;
/*!40101 SET NAMES utf8mb4 */;

--
-- Database: `alumni_db`
--

CREATE DATABASE alumni_db;

USE alumni_db;

-- --------------------------------------------------------

--
-- Table structure for table `announcements`
--

CREATE TABLE `announcements` (
  `author_id` int(11) NOT NULL,
  `title` varchar(128) NOT NULL,
  `description` varchar(1024) NOT NULL
) ENGINE=InnoDB DEFAULT CHARSET=utf8mb4;

--
-- Dumping data for table `announcements`
--

INSERT INTO `announcements` (`author_id`, `title`, `description`) VALUES
(18, 'Front-end разработчик', 'Здравейте, имам преложение за някой, желаещ и имащ опит със CSS. Влудяващо е да се работи с него, а трябва да направя проект по уеб. Помощ!'),
(18, 'Изкуствен интелект и бактерии', 'Здравейте колеги, искам да обуча своя изкуствен интелект, който използва дълбоки невронни мрежи, за да разпознава определени видове бактерии по снимки от микроскоп. Нуждая се от помощ от специалист в сферата на биологията или химията да разработим заедно този проект. Пишете ми имейл ако се интересувате.'),
(19, 'Графичен дизайн', 'Търся графичен дизайнер да илюстрира и офорим новата ми онлайн книга на тема Машинно самообучение и Дълбоки невронни мрежи.');

-- --------------------------------------------------------

--
-- Table structure for table `events`
--

CREATE TABLE `events` (
  `id` int(11) NOT NULL,
  `group_id` int(11) NOT NULL,
  `title` varchar(128) NOT NULL,
  `datetime` datetime NOT NULL,
  `description` text NOT NULL,
  `user_id` int(11) NOT NULL
) ENGINE=InnoDB DEFAULT CHARSET=utf8mb4;

--
-- Dumping data for table `events`
--

INSERT INTO `events` (`id`, `group_id`, `title`, `datetime`, `description`, `user_id`) VALUES
(1, 2, 'Test event', '2021-01-18 15:00:00', 'This is a test event!', 18),
(2, 2, 'Лекция по физика и ИИ!', '2021-01-17 22:00:00', 'Предстои не много интересна лекция, която обяснява преплитането на физиката и изкуствения интелект.', 19),
(6, 42, 'Кариерно развитие', '2021-01-06 13:23:00', 'Интересна дискусия с водещи личности от технологичната сфера в България', 23),
(8, 66, 'Дискусия на тема Изкуствен интелект', '2021-01-29 18:50:00', 'Дискусия с водещи лектори и професионалисти в областта.', 18);

-- --------------------------------------------------------

--
-- Table structure for table `groups`
--

CREATE TABLE `groups` (
  `id` int(11) NOT NULL,
  `year` varchar(32) DEFAULT NULL,
  `faculty` varchar(128) NOT NULL,
  `admin_id` int(11) NOT NULL
) ENGINE=InnoDB DEFAULT CHARSET=utf8mb4;

--
-- Dumping data for table `groups`
--

INSERT INTO `groups` (`id`, `year`, `faculty`, `admin_id`) VALUES
(2, '2017', 'Факултет по математика и информатика', 18),
(43, '2015', 'Факултет по математика и информатика', 19),
(66, '2021', 'Факултет по математика и информатика', 23),
(67, NULL, 'Факултет по математика и информатика', 18);

-- --------------------------------------------------------

--
-- Table structure for table `posts`
--

CREATE TABLE `posts` (
  `id` int(11) NOT NULL,
  `group_id` int(11) NOT NULL,
  `content` text NOT NULL,
  `user_id` int(11) NOT NULL
) ENGINE=InnoDB DEFAULT CHARSET=utf8mb4;

--
-- Dumping data for table `posts`
--

INSERT INTO `posts` (`id`, `group_id`, `content`, `user_id`) VALUES
(21, 2, 'Зддравейте колеги да си направим среща на групата?', 23),
(25, 43, 'qwewqe', 25),
(27, 2, 'Супер идея', 19),
(34, 66, 'Здравейте, колеги гласувахте ли за нашия университет в класацията?', 18),
(37, 66, 'Разбира се\r\n', 19),
(38, 67, 'Здравейте!', 18);

-- --------------------------------------------------------

--
-- Table structure for table `users`
--

CREATE TABLE `users` (
  `id` int(11) NOT NULL,
  `email` varchar(64) NOT NULL,
  `password` varchar(128) NOT NULL,
  `name` varchar(64) NOT NULL,
  `security_level` varchar(32) NOT NULL,
  `place` varchar(64) DEFAULT NULL,
  `faculty` varchar(128) NOT NULL,
  `subject` varchar(64) NOT NULL,
  `administrative_group` int(8) NOT NULL,
  `year_graduated` year(4) NOT NULL,
  `picture` mediumtext DEFAULT NULL
) ENGINE=InnoDB DEFAULT CHARSET=utf8mb4;

--
-- Dumping data for table `users`
--

INSERT INTO `users` (`id`, `email`, `password`, `name`, `security_level`, `place`, `faculty`, `subject`, `administrative_group`, `year_graduated`, `picture`) VALUES
(18, 'bori.plamenowa@gmail.com', '$2y$10$Wz1NbLJtRqB7RFSc821HJucdumKeASBOUk.Rau3XF4IH/bA0fsjBi', 'Борислава Пламенова Борисова', 'admin', 'Варна', 'Факултет по математика и информатика', 'Компютърни науки', 1, 2021, 'data:image/tmp;base64,/9j/4AAQSkZJRgABAQEAYABgAAD/2wBDAAYEBQYFBAYGBQYHBwYIChAKCgkJChQODwwQFxQYGBcUFhYaHSUfGhsjHBYWICwgIyYnKSopGR8tMC0oMCUoKSj/2wBDAQcHBwoIChMKChMoGhYaKCgoKCgoKCgoKCgoKCgoKCgoKCgoKCgoKCgoKCgoKCgoKCgoKCgoKCgoKCgoKCgoKCj/wgARCAEAAQADASIAAhEBAxEB/8QAGwAAAgMBAQEAAAAAAAAAAAAAAwQBAgUGAAf/xAAYAQADAQEAAAAAAAAAAAAAAAAAAQIDBP/aAAwDAQACEAMQAAAB0Jrado96Qi0WCJ9IRE+D0xIe96Aj0+CJ9UJmJCPT4PeZ0ZeJPQDRh+0EaKx7wp9HmRMSESz0Erm2eizopSrF1eSLYVpISS1oPmrS0vPMIy/a1Ay4fInll0JZFhY+d70YbQtk6umRzS/W8trApr6z2iv10EmCLKfYeijnvnksE0PRWBs+XuFttXf3wn5z1Z+nn5notDNb2MtpnOufsdDm6WyoWQrjdVdpZ5C8rVVhqo5XxB9E7+pms5BFKqRVkA1z3rU3hiISGcs4bZ2y0bo4jXSg52tz0M88ZPZDnOw2cnaYi+A7dqUGSJYIIOCRO1TQBRhfpzd0cTSka54yeWpKpkVkPGggUzCZ4SIg/kMWl0oOTaqd0fNrM6wXHUDtbcqUXZ7XzLsh7ahjyk2U4G3U3msKt6b5XcUPIkg/7LZPSMdUINcpGmvnlTaQUNeavtp7aOZ6K/nN02fNZqXQ1Hg+2smazwAxEfROk+QdtL7TPI3LUtK6ER6OftmehEpbtkEo02YyZmnMYgWhJG0aSuxPN65Mc8DaqcvosnJR9Xnnuxox3WmZeMDbWT+PL9PzVQHUQKn2/ZfJt3Hbvg0lNnG0s/SGMzQCjBBpuTY8vQUiqCH0VwDeZb0zU5Hu6NfCQ/bURfJW/qWuzk3OoCnk5fV4A+M0lVzZ3tMrtHjge2FCcHmu3Cq5Hq+W2ctNFDQSczWxh1AulFt4reIzp+kyRb4b5ERhohzzobsiuGmxm2DTIDzTYgAtX553HK3NvhehDowZ7inMyer5mWqPNZz06VWhEAeRsymUzTHXDYU0Nc9lcrm2YTVzJNhfCMq0jBKDzGc+02uENR6iwXRcAraeS7rppu6vPPE7uYVVHOaedtJuDIrNe96LjPb9TLXlnkouem28TV0jNRNWKoy3dMRF4EZ1fzWgoJSk9kaCw6aoCoML1hZ43Qy/Y2oknXSFE3Gnns1NvRNxCDwlXMobnMxfWOYz+mamwoxLZUpVqNBcY9QAzC9BPCmfUAsqkGwIQUGGCBtDRFnbSq+vNNTF+jGPTAvVt4eTi9Onlpz/AEOC9pHRDzzNaXkYCwgzLs7gPA3XPCG6HFMD5swyb18wE04gGJtm4aIb1MnRqXJJXXKPRLUx6A9W15pLmOvHF/PT9T5iwdJWaTgtk8d3UpUZzpUhvQo6neVAJuiXkTUhu0taS0mdJXRG2JirjHrh2Zs2ydoCsLmHnJuJJ0GIKPCOIKeLYPMr1E8bLma0EqEaINqrAUMFortChcZ2gX0fSDkhYD5+VPowdZcyWpKMipZHSELFX1kBjGWBDgpQWhmAoM5xhI3YSZTQAINcAEtdF5jw2GF9QR5kFR//xAAqEAACAgICAQQCAgIDAQAAAAABAgADBBESIRMQFCIxBTIgIzNBFSQwUP/aAAgBAQABBQL/AOUP/SqkvFprE4Vw01NLMVhCCp/8BWxi41hntGntWj1sn8+5xM4tNH1rXk3PU8kDzl2rw1+RbqWqP8aKWuarDRZYvEM5nkM8kNgltQ14zBXOAnxgPfFgFUtGWwTlPiYUQxaxLMZyHNtZW6LcN43cBjgOtieNvXGxmulda1rHMv6bkZxnQhac5ubO8fF60iD8gi52aMC3AOJn1XwolgtxOM1O1i2Q2IwuwUYMHqaj9FabmVXzr9KKjbYoCgtC8ZpbozYELzyjfLc7gmIv9gcTPpuyDi0V4tfkmRi0ZEq1WvkmR+/uE2WEEG1HJbAyskV4rQdiwcXmCNV7hMZozR7JtjPG88JjgUpd+Q7/AB+Yr3raqTzLGyRDkz3M9wIcobbNSUXGyfkvx3mmP7zFalQQI6lSluoyc4H0VaZP+aYp/pYw8mltioORM6nPU8sFkyqVyav+Kr3jYdVItrDh8J9nEyJ7TJgwb57KyDB0VxlEVQIPV+gtm4yRTqOotCto3Hbyl9HZJvt8VfKcoTNFiEgXjOW4DqF4CZzWG0CHIEOTPc9tkz3nfudxLyZWzEgbVJcnGJZNBp9S8bUnZ9KNhbzzduhy7G4oMA4xoCJvvXEXWqRblLXEyDYfG7SyhgWr7Kus0Sakj1TGyXpbHyS6hw4DchdXxlbwd+jDTejNqvZ02yVQkpXNBZynKNYZyFUfIAhctBRuJSValfi1YMNA2+MOPtp4uPoUAIYo2LldI/kCMHFtXE1GXHSnv1tjLygqMrTXpkGNZqeTU5cVNhaJic5XjETxoJpDPqc55J9wiWfrMvK4E5DGY+U1bYeXFcWQHmuuLZX1Yn9MT92PJl1CQsNnXIBeXVr7ffCWWmYy8p0gyc7iHvtaLkWLMPN5lEFgfHICbhraW1Nx9t8Mtf8As8NelFpAwMztbA4Y929wfUSF9HyS26VOXjnuwzQUKPJYmAhniFIzbdBT3TleKrJv86/q34zKIFeSjDkOXIKPNXLHr45+C5ssrsrLDYx1bkOSHFyjui0X1zeof2r1GTccmaLSlPDSTuL8Y/ZxsSV0RsRGH5T8e3GxCpO4obVGO974+D7dFq0Qky7uAGX/AGFtzDyQb1p69tVPAktw63GRgspxLXrcNzD/AEYn23UsXZxqPlm28n2AGb5YWHoIBB1OU5S3Dx7434jEMr/G4lUqRFmhPGJ4wZl/hxabvwtyH5pPxn46qfHTCHqMdTQcZa8LcR9hhHinRPyi1hZaehWFXIsUT8bRxhbUX63CYXEUsYXCz7O+ueop5TkFhfu63iLOFkpsMSzfoybmQnGeTg2SUsTEGi5ln0PuxeL22mI/Jsh9VYg53cuKrYdi0cWsM5NFjWmDUDKIG7CLXC7PDxWG2W73a3GUZC7rt6VwYLCI/wA0vW2X22KMa0NGPyb6jNsWR9zJb+vASNrXZiDQ8gEDmO05rqvU20oaBuUtu7MLyyzirubGNRlVrKVs3KrTORU5ZcyzNtram6uxCitHU+gPVjRl0ub02GeuoqDVhAj3tDZZYa6hAUE8hgXUVwRZZ0F4Rm5xjqWbsNVO4KpZTEi/rXdqXjYbLDMK6oU0FZvVv82T02cR5sV+qhynQW/ZPxihngrgpInlAA7iLBqWfKEBRYeUqXuuf7sEKxWIJMvvZWxCuQbFNQqtYTkD6uu5Y/y/JVt5cTco2I5+N7bi1iKJ5FrjW8p9xR45Y/GeXU5saj24WKOln+4RCIw2vtPIePEWXblaa/jkfX5D/Hi2Nuo8jc+lDEtWOi2oTPkSn9QB4qP2uXpR8CO9eg9GM5TlAY7CWWcZWpZk+EP8Lf0uHOv/ABPjNuN8pWgnKc5swfAJzZ3fbU92Ofmh7J65Tc5dcoT6EajXTlxUfdI0P4mPvebR1ivKk5QoNeDkfCsFQlv3WYO5V1Gac4WjNqcvQCEqstyNzRabHov3T/O1NjgSL6zU+PkwZc91FyNmzJ2eYM8tSr72vaZANC3rHY78j75EgHU8s5uYTqEljxYwAVjluJEijo9fy4y1Qwvpaqc3AqrsslVQqr8cNZldMagiUvwxRfXK2RhoTQnXoROO58VnMR25lREErEWWDv8Aj/pmBjKCpprBj6UGwxsnUXJTZCvDX/X7dBW1Q3W5EAVg9e4SVPN5tjFhE4mKIkSLLf1OQJ7gTzwXEkHs/Vs8jLPOYbyZax58mn3OMXoU3FX5d/cZYv7HlOE1obimLNTUUSuCHscZwiUkyqngF+2+rIZZB9t+xEE1OO4ZYO1tcRzzKdTfoYoiIs8cUQCaE+oPTyNFLmYqdW/GCNGjLHn+z9+m4D6Kdjj2K5wncEZNwDjC8V5voMZziDcVejoRflMSjlOkWw8mQRh6MI6xl1DucZxgrnCcJw1AvoJr+AE36cYiiVrqbIjdz//EACMRAAICAwABAwUAAAAAAAAAAAABEBECEiAhEzBBAyIxQFH/2gAIAQMBAT8B9urNSuLErNR4mrNGPCvkSX9NDSXxRguPqZ/EptCdoq5anFCUM+6zLCz0z0xYGolU1Ki+NjY2LL4YhcPI2LLLEzcsUMxFLYxlz5hOcjGWy7lQmWmZxZ+TIxKG66uENQhDMXGU1DleOEOExwi+XwkZQmMr2UhYj8SocVNFFGpUPzwo1EjwVxsbSyipsub/AFmWf//EACERAAIDAAICAwEBAAAAAAAAAAABAhAREiADEyEwQTFA/9oACAECAQE/Afrcjn1bOZ7BTOSH5Ec9/DWvw9h7L0i6ch9fH49+RKpQTHHGO1Uh3HP0bh+EPJg/Ie0l5DkN70iSXZI4nA4HEa6Ik+mEY6KJmVg0YONpj6YJZ0btjVRHcUZhtaaYYZWDWESdRW3hlYLrIRKo3ombW3ptKswXVG1ptuRGpEX9bkL5YqZ/BddNNOZtL4FbNw5jkJidNGHEwwwXXDDDBowz/N//xAAyEAABAwMCBQMCBQQDAAAAAAAAAREhAhAxEiADIjJBUTBhkXGBEyMzQrFSYnKhBFDR/9oACAEBAAY/Av8AtnWEOn5OhDDfQ5V1INUjejFKnZDqQyhKehgwYv7bIWzVE487uXHknmUja/D+NmCKR6mpT+5WOWqir6KTQpN4Py6/kbio38EwN3JstNWBaV2PikalNkErufifBDIaP+Itdap1VKvKgnH4Sfjeaf8Aw0vp4neirJKIPRjxeRqkdBV4FWhfHYROJQy+dnul27DJski0kXde1qaeHXo4S9S9zRQn3tzI1X9VORKUVVbutnpNKrS/+RMWg01ohE07Kk97P53cqXWqpWTycqKwnDqSV9ybQt8mbPUficCK/HkarhcReH3pYRUfSvnZqoyTZbJaDSmdyUVKqd4P1KlQ/Lpnzbk4qofqoddJ+qfqnNUtRja6EkYtHUMubsMRknbOSL+DNmd/od7QiqSyEcWlCeMZ1p7XdMWi2rY6/YW8W97sPxVOWpkOUwZU6lO5lWJuzmpFRR6c+LRjYqXT22vfTR1Cqq85P+yEI9Fx0EVB6cjKRdFuxGzSl5yRJqXJlDKEegyZMqewjYOTqJS1JHaybXHXucp5qIO9mpk7mVQ08Sz2izlSGUtHYQdFao5siXVbZuyGmnJORjmqVzJA9RXw0Snm7rTgpRaaeX9xBM2gkZ0Opj8ThTqOelUHYhIHTKExV/Jy5uoriqhJAqrkjJMqco9WbSPQmCUulNFKq5MqYssyNVbRVgmlFQ/Tp+Dop+DA9I2FEqTc9WENNKwQNTKmviZtF/zOFS/k6V+SOGi/5HKiJ9NirRxVpVTq1DNgTi1O+2B2IxZLuNTBzZGpSTXUkruyZkztg9zCOQSQeDmVDrT4Jrp+51UKlkENQ7KPV2FqeB6iCbRaUGRiakIUZEdTVxFdTkwSskGbM8mTJ5S0JqGq4K/AnKZTbA3m/KcykWlU+6nUn2Q/dUdqRe5zYGpOZRkJuy2lR0H4bL7DVU/YRa6GcpVF2+5Si2m2DJDqc9SEUv8AUj/Q/FVvbuNTFI1I6q5Fs7Js1coLVwVdPAlFdL9hKaeVSJ2U+BBNuHPaz1LppG4aaffvZnNXbsL4F+novQrKficWlKeImK07irUM5zbE8e4lSI/0GHXZ4Q9ySD+9TSme5V4o/kX6je3oMc6wMmDRUj0mpJp3UVIdS3keonNoJmv+DV3UQ0/dRUE9FkGpzaNy0LabalQ1Lm+r93ZBPeyC2+m91VhqPkjqJ9HUg1kS7qllXwhkqX2u+2VPy0Yeuoam0ehFnpQm6Mozxat1GRFK192O49NpwSQhk8kGR1Ix6fMVqmDu53FVfpbuKnlCCrV/UScq3yRdu5j1WFdLcojmDpJpYelStPuIyIcmRqiLMjmSV9HFPydjsRsySh0iyZJsymmvBy/CnuSLpwZJ3Y2Md7uo+5dsmrz4IObdgj0Z9ZvQwY39Kjt6k7H9f//EACgQAQACAgICAwACAgMBAQAAAAEAESExQVFhcRCBkaGxINHB8PEw4f/aAAgBAQABPyGvivknP+NTn45+CYnP+V/5f18czj5qH/xHxx838EyBEHR/U/8APl9VvlUyPiHDLwF5l/J/js59TMJ7GYc2zAz/ALOJ7/x4ldFlvKPY/J5H5NfFJemWAGCp5fks5zLEDNj+wqW/PUq4vjHPy7+KwPKF7+5PAOoJ3LNs0yxRXEzV7jwxeUgW24Ai6jL4I1Z2ggTMeNh9kIQOSpSYIWzC5fKnqMvvval1GT+GZk+kw2CcMPjKNwnT38ZmoxZr5rcJGCLOyZeMObljQuWc/QT9p0xsy2YJQFXiWjfDiweJcJ249ENswpsJ5jji6Amer6iBywOHMYKQpMmxLI6fs/8AVRYQ/r1Hg9zLC0C/znyS9ywmNB8Hml0qgtRHoTyynJKPKBGcPrRp3Cz6FBf2u0oR8a/WAfcx+rblgIAfLxPzPRGpyfkI8zIZzLhHcXtJr+F7J4UXxb818u+yVkPJuM7dthzSiCbWiMsV5NTpXznUuRBZEkyQBAK3Muv2ZP8AaFyAQQg36l4FHFyzYUZ4xX2PSWH1CC2AFJCGJceI+DDDh5ncajBOJfqVt7+Dpup1MWCGOTkxfV4lFy5idZR1cbqCSx2Q2OgoliE7MspLEfR2K/0w1YoRusF3/GVj7yFaQ/D8Li8xNliGamrMne8S8KhqKwoJYRjZlEoBmFVs1GzeSyhq/qUt5+/gHK5YdGCnVqgDzHqJ20iTTl1FODywa/gQu34jkKa9zOIHuFaUPLFWoPURDB4Jjg/RCvN9SlJFX/klWGOZBbsmhtm6mYPnN24fOaJ2qjb+kK3VmLf5K+W1OywnEfOeojMq4NEBral7ilJXUS1FSyBx1RXJVwKgV5huj7mWmPsW/ECWIfxCCDnNM1Z5qFQnhIjtMUYuUFxcJxPd3yGZpgjmoRpol8vJ1KtkoQ5ryxLzEOxc8EoBK21BOTC2SpsUtl2/YCLJsiZWIp5hVUiwKM2VFiMx/iiv2HiVLnc7iEvEZ3SNqWzFUTfx/wAytCi4yLcEZikRqzu4iSYPcoyi/wDEQrJ5JwgfTP5plC3B5nME8Y0Zk/AOIMnmVVu2CtbCLAS7eye0/wAQy1Z/mYqp6eI7kzo5ZgI+Av2S4pxCKmUhPIlyG5hgL5TGC3olctm74jMbdy8ZtzqLgJ9sz1aK3/eMXalIme5cBlAWw2qm4swxOBmdyDN35lhYnqDTLSsxf2aTmYsDvmKgFR+NmTOEmmphZ1DWYtwq7zAaOeYhthHxReXSr5sSviZCIenRVM1hcy5Zz996R77CqFLCwVqGDETd89QTgm8S1szLijLWk7BKf7MmDLG4jIYGQibmYT03AVsHuK6ZfIn86BUyKh0FMApDgco4GqWXL9XZ21s2wbrniFVDzuG7lAFzf7bBKMkv7m5MS80thiLjnLiECUWIOXEAheAde+ZSOYDDNSHj0JJQ6/rETFXiFlAiqijkn2IECnZ3MHE3mWndxNCQveJwZzEipZlI6NysDvTxL1cQGzExi3qpn1dBTE9Hqdg5zlBKHOBUUMUx5YYsz5kSWOoHqWwkOExmlmliYNQajpqVL4ik5yvuG8wzKf7TIQZ6TMym5BLRG8Ry5zYjkOH93MIURcIKssE5gmpqQExlGDzCAKDNV1OGSpSkXwQ8xa4hRXIuGAxDzCpymHYuDo2i6A9XK8f7x6lew/6lEWPTUBCoJYM9zANJD6FS4btUeyHD3Kh7b5l8zMRiYSnM5KXOYqLzSpQD3MjT+4DmfUaql1M4OniDYh5ErXKeCEktpmMocHlOginH7mKYMSiU3EOgWO/1Ea1a6ZQTZ9TMYv1LrMydWRlOC5VbSo1uyoN2uIxgVGB7vqnAZ8xej8gOZBKhY+SNOPsCBcF2xhVvrEVmP9ag3fUxYIV+c8YmKn7DCyoJiXK2dx1JPtMpmJmV2X+m5fJcgnEUV1Bvr4W5dSpzziGI75gxSUEIWaUzxqG4y8wnT0SrU+eoXJHoyzF+1AuFXgVCRU/pKkU/zL6jnBLjaR1Wnc//AEzpQTErcywvSTWovTMc0QftV3r6mRrcN/wxmdTqLwB1uGM2nTFv4CWXlKXHDH38GoDg1AWSV0/UaKaItXb51NhjoQgo3BP+eM/SZtPLbEK2b9SrwY8mFyOEITrKFFy9LKlQYFZU4lDzUQ2y/AuSa/8AMA9ibHnB5hVPpuBaEPiqVszKFq6VCKcqFuE+oXEr3BO8t1r1DNuYdDXlYiwf8pYsTeGBi9B1Kl6pz7YAW019pZjcXRc1nDBIFRhz8R7jtaoixg7rmBpQFEs4lByOt/4YHxiblhYwZhq6PMxj9jHG25iy/DMqRQp6Jvq/6y+3uDRGJhJthlXjh/aUHs/dD9y5UnZKbqY+VMcZRYLLl1wT/BnkDECgVz5gONf4C1AEXiF1zYUz+INcAlOzgdRtmriu8Eteyv8A2lAeWZw+DBFh1uXK5zC30wnbMaTPMJOMdlPUTFDzMF9vNIjkRd5GZSVBrDzGL8ZCVAHZvxPM4tZVEArKV4l9mIAUBB3gHEWSmZQzFAUDiAw7dMqNcwdvTLPidY5jX4mQHEQ0nky9YTy4gbaPmG/7YiFKyxnuVK+cltGmT9ltp2dQOeoK8QrpJRgV8wFGPrmOap+wRC0ZqDv20EI6Q+4tIbBP6w6i8nuXxANWBDOW0tiqKsudpYt0K/tBCstgWqX/AIeIjeSIQZ7lI8tTgAo5nGO/lwjbWJqcoFtqqNMU03QlsEn1MEmczRAHKQxpEoq1GqXedS+xFW5fJgOPi7pRol6ifK/gbgRkGIJEjLZRcADCogMpsBI2Cf2OFiOdx6lTmDjltQ3TYziDVK5jMMY8kshpOnHwya4eZc4whiJDmWOpncUfEDENkwmbgdfZGLM07ipIr1MAdx1Du4WqZHcbFMAfct+0CAMI+74vLV09M2QWMwshZGFXsqC5ASrbSKcWqZWqORxKzLETI7l7xDUQxQ3LTLuYEzsfjwbn5gzNocYOiDBU0hAcfR6mMMPLtFS1+4lizAaSlQh7RJmm0qUMqdkPCwogmkuyyp+fuO7ZtR/0Y2yPEFmI0PiVQh6T+oMaXUwZi3mWHF/hhTKXGSFNEQcQaxPQgDUUMJl+3fqHBBYgOWE8XK8j4zVR+cdCpzmdOoibSZszNKlvExvU4kyQsTPATDajL8DCcoF1BeJU+LzmYSFc2xDJzFdROGAMSj2TIs//2gAMAwEAAgADAAAAECx82/354xV0zL1qyg+0XIpJazLpJNlZx7qWppy00w/CYNfmg2Bb24sjc/h5UmB+EGneK9RlLOCFYH9kgt93mMixK2efG2AY31UW83n2yvJAQdqkANge/wD7ct2MHUuLwC/RkGUduEW1qzF+fIXSuvFty6qkxc6Sq12WXfcKamsVUNnsqCM1kJs5EViHtiqulxgPP5M4lUpEEYFUAKrMWEacBZrD4iVc1DYhsBAXXQebbp+F/eou8Y8IPdvrOsMl1OH/xAAeEQEBAQADAQEBAQEAAAAAAAABABEQITFBUSAwYf/aAAgBAwEBPxD/ADH4tnt0jCOEF8luc8hIb2D0JM7eML7YeEmR65f+Q1sYmD8mOlr94c6uwYE8mw4C0eDJIYX2+WzY4AsZnLTudSZBHLeG7MpIOOLdq2zTSb1erGc7ZSp1CjgII1JJh3CXCtjLZZGruO7IiSb1DyLkF8jJXBLpbBux4JG4XkIhxDrj6snUuu/z2u595JuzKd5srd7nwG8chyPUvVkGQ1vOQ5aFtsvczNnzglvBx17P84yeL2k/IO5flnIQbwfpdEuvHqeyDY2rEONy4cZghLnAnBzFYeyfU/iFhPsJw7S7wNjiDOFRFtiLb/Dbx7xvJ/RZPLs3/8QAHREBAQEBAQEBAQEBAAAAAAAAAQARIRAxIEFRMP/aAAgBAgEBPxD/AJicYHyMYMjwSf8AFq2+yH1hfIfxHuYf7LGW69v5CLciymvW38ZNWJYP2+pJgSxt548YdL6y+LHzRyZMmfIdkXHkPd8AWbCjLS07JJZkh98Vhs68mbGxjjZrcFw8ZFtebGNrPODdyHbP7H25R2SYNjT5E3zmbf4Wj9j5Dns9Z43J+y/Y8Gkidl18lws8d2y+7WEvOSrsAGfgDtiAE2ybPLrt9w0t8hsuT4D0Xzi6nEvuySrkv5Pmy8LkRjfLThFPvg5A8l5H5XfNlwv4RY4IhpBqRlyUDbdtsSCzYlNmvsPD4IzkjIWrjc8NWmPYmG2WTWzs+aGx+RMecPwGSZ+zn4Xwkv/EACYQAQACAgICAgMBAAMBAAAAAAEAESExQVFhcYGRobHRwRDh8PH/2gAIAQEAAT8QcrOYF4gm6y+5WYFanJprmGDYvzEwYoi+S/VyjVxsStTJ5uVWBKKict8TmDNyrJ9S/eZMxQbghBGICrEXWZhMN9+JYbzxMVgIt/8Axi50S2wUKalhqmF26iNqx6mq5gUWGZ586irdSuSllqbqXaTGcTDJbKrxxKOW3qUVZfcwBqOpgTXE03+4DiknlmNBQEF1KXyU2+pQVvKrMo3RXBgA85Aom/8AAdzxCXCNMJC7xRAS3HwS1hmcGdQccfMq6wX4lIg9wsYbGtTyRIWFwXE2QTQLmX1ocZCAlkDTUaaLv2zmyHuIqqDVTvUAb/FSs3MgUj7hBZ/JKtHiAb/CQQYnBqN6WA8jMEY6gjaWJsJphXbmIKJ1TMWlJr0ynY+pkzZXUPgfE4CADmNawc+iCnQNig+JWLAcCKDE6lC3xogWx61LFBeEY8Azy8+IUji+WJbMfc3UveJa4HmrhXBYgeccAD8sQG+Up+J5XJV/qY7Nd3iMimW7LlENXBURGcmZ6FesfniO1FpiL3BRHjTIeE1Gq6ay2xFEo3UIHDEAEj9PcH9vgadxxUDlAo3uGLwpeXrCILLW17ZQWS5bfEvUpidpuk8QpIKgA0RW1h6iAK0RJF3cuiigbWHd1ZP7lQEHAKIEWZf8O2udSlnEnsUf6QTBiJueL38Tbv52jNIZs2nqWhwPqpesLZ/VQeYVaHxGZDO9sNfKgOna5iArKDnbLBj3n/jMDofIck2Z2TXqHdoFrqAsHQEpvqUWaQXV2zL8NizEMYlDkVLAsa4izcH2wTkr9wtrsrEHRsLF4ZQ0S0KJmvwePUAld3UC+2L6UL7hZ0C4Z2QxjAZHkWKLUr3CgGloeY3Ei0lJMgALF29OmXVh9MIH2yOYOBHxpgZ4/nr2SzIqZUDPcwlqSJSVoPWyApmoRO9xwRuZcxAcFS4CY34gpTnu5QyI/Mw4081qD7pszcwmi9mJTG2DwfuFEGByPNH9jqC2tAVdIniJZwgcWyvvBmA7S/N3LpLpwwFhfnaBBKd3C75BFwvjlEkdI2jvzWq/7Y2drPI87U+oDANi8JGHgcReBt1EylP3KuS9MNL0Uopjhy9SwFFBYuYyoQuH3KQ2RClrl6jUKaN3H1B1gLm8mFoADqCQu8RTWRMjKSi3ycyieSEF+YWJzP71lXLTTeZdTr7CDIsmCkfcbd/s3ZETW+EQmZQ7q5KYTkWJjoeZgDEAZxvcxSnXmKJsMviTuspCB3eLYNiFZahih0rcPGNkc+4yAqfcRV3ZLAXAyuOM4JVgTi/9lVhxDlvlmW+cViOcMsVFqCnhL2nDmuCPUbTAwtI+BE/sOIeyOlrDoMC8MdtF07WBwi1yfiVBp7a/EHGAu+X2yoUrRQPzKWEOE7nlAFrXiIHtasul00ZkVmWqz1Lo6xYoea19QBRQza0iaduE7mit81FcApxuBanmMlhmBVY9GUlvY3KHNzi+onLrC0t7FDGMI6K5igglGjC02BLsPiVBSzVMscUha6IC1C8gwTCrUZqRdBzKLd177GXtjgW+AcQoI5av3DSlvbay3KHi6m2CULcRqqinLuccYBBEThtXEFmN1GicMmkdmEGW4Ca9weiVJTySr9Ru6nLNQYY3e6jvI8UyjGuZRgWKRhCcUPUpN6ldROx2kMsg8x0tXlzRxjiAFbgESqIu5dUMaiKmpXmneIIMbhGDuAoRj/AmcFcJXPojvP3k4mi8wTLD50tiqiUBeyB4Mx7BRWGMkFlrqUoqjYS0OiWI8VMz89RU1OEqLBYYtv26INnBvwIkYXITTM9C09SyOobBsrEdswRvsi253BVDHCFnYxb1FHLv5mNfnFMuA+4DBVRZKasMARktJjzEWLnClyxLIVjenUttdzZCpuDOn0keVA5W3KhNhmiXwwzrMIlWSFAXEsNpuGyKhmG0xcoqDZTMGCyurjE5uOI4FRXcS1K5AXMAy0Vbr0ZZqNp2KVZhnGNzE2kCXGi/7DO7+IWHYWT1ArWTa6larXMBcq2LzATgSVpoHDzEpUIpxOoDWG6DXzEtFFlkTbZdcLjnUfAy+ZcT1tsr6xDuiOaLmUVei0xsSXmMO6h3hez1FA0F4iTZDWSHlzZuXFVYJKouKKxK24CXAfpZlgLSQvrdB1/6pQGkVRw8wcoVdPBlIQ3XEwMROeEMRYMS7q1GVml83D3BnBEa1DHXzMHsPOPqBrkSZa7htNN8saNJZtaIIy2QdyhWXL1ELF24wfUQpYNnEszRV2zfy5JmCt1Go19uJrfbZ/Nb+o1ZSgRdqm6igDTdIsaBepUYCovcgC6l44WtjL5otdt9ktNx5yPVHJGl8wtUVCOZFJQHLmyh/YC5HHLHnQ9SiaOYbSkG1Mpfbr5uIKBeCWoZcEbCctcy6wpB/kNsiWxQt/yPNgNf+RxVXArzAm4cFVDCjXZPucYg3XqxxZ/6gQxOEpIEzY82QlPkNRaVRbQXlWWBnwwPUu8XRNLgYxmDWESruoYbLjpBBpV3wS3cZTIPEyQfb/cUAsZQ/hHIlHAV+INscYIONiwMkwhQ5ufMykq1HTPZU6iDTKczQHhjsHBKiFUq8EZjcJ5jETMIG/EpTow08xausW3FgVsDRhTpFjYdLgMWEUngS5slr/YCMt/uiw6SS/5xA5ewAfiJDyKm2PnmaQ1XLGfVYLP3DRtIp5+bjkWKf5FXphq0+pWEsFFQza0Sw2Hphtj2Oo1A28XHcPp0YFQoCOyMgjRa5lSBlefmU1L4nTM5HZK72uiL7M0l5YlEWOC9+4kuigGI1tymvAQgoV5i52WDyq8MI2K7hlXb5gbNi37gioS0XCRrrUARZfUyW8uOQTSG4gpcNzBnUTKCYbIXMSQAMIeFT2SxfQOoG2euxgLUNKg/FTAHhABDYUxUEFjM2/hCQIstbJkc4XEdQxTEw7blH+S8BBiyvxEeLx054hRMtplV/kRwqVsGYAhNNErTLTbK4R6ERdmOGVwF8RrcAxZG44bCRq7OrMMGi0uNdDVjUpCo20+II4HoKlmZWWmNoZTfEyx3DwSviFMH8jMBcKr9Q6IhXPEMA08kXCgc1mcKRdVpgVzBCgeofpdmQv8AZ+JfDxsAA+cEoQ0DkbfWIkDadoYk23LYdB6iSWGllXEKMQYHVyohC7wTcwAqd3BQq71UMPFMDcHJjb2mwMdGOpVcU1Kg3/gssdh4AX6CDUu4wDBK8NhAjU1NBGw23FQopD2MGlAOIwa19xuFhcX1HU65IdYhi3mWaw8wxumlMMsUjkdSjyJpPw5jIicoHrC/ERTrmK+B/wAiVeUDFviMQu9BaWOrTUGSpggLKg2LXZfqIkI2oNykWi75lUMHdsJRwyVMUWlWrlqGNsoCNi7LH8RV7C83niUiq8uvQTRw6zH1HY2WDP8AD5gkuS1v2YpV2h3ASBG3phW0GYo0uTady5FIuhqOlkjVNRClWVkSVVCxslzUo4mgajjxEpjKvklSAyBk9oDSvoB7tr4SFp8owc4V/cJAT4F+m5SXY5Wv9JQQl0pmq4gmwjb4uBFeurYc1XFbtiKgGg4hGxV13A8odcJW2LtxDI9e1QKD6cBCWXoEMjAut+IJquunMHvj4jEXYcr3Bkoix07Ybg40/wAkycsBDthc0CfLEsAX3BO4DCwh29RBhp5l0oqvuO7kMuxtZYthvMO6drmJSlQW9XqvySmlErb7YYDsjmxT6Z8C62h/p9wOVjqW7B6V43Let2bU9xwTZUMfBKTe+FjDADvCCEaVviOF6u6S4INi5hmAM079EJueYFtfyJztsviUXUWHNa3PnpfMfO3bXo9EDA/ZcEWJSMDLgGr4lgozzcVmZcaicxwQ0pcymKRNMz8DTNktWV6THFSBgL/6gU7cLpHseGb72NSP7JkvF+4bqPQZVpebVcuYiBC6tTCtHGlx+YQOOW9EEVBXsml1uM5YZJHjq3zLgTUVqHSGclZnwel2xbQNHB79xiqxZZDlgPJgyl7LKOVq/ipe+wR4nf1NdApn3GjV5iz+4pnOoFaYSLZcVeJsht8RYAbtbmO7QHgQBt2/c0GlBIIjv148S83dRbxHq0l5c0ZHmVqRYU1E2ulBeSIDAw1AlZY4X9Q/RpcFvVypy0VZiByjPAO2VrVMVWozCmyaPKABdyXjmXoIru6IBVSi+iXosrPjiAosFTOVZT6gQZ9xIy5gmTUFVNxSqZbyu57gZ1BU1saAeICKVtDx5ltZRtSFkiv4mT4hhIAZjBeoFYg+SEQsJqIqXh6S80uTXJy3KipYPcpDF0FTGxNjzFArlogXBdQJLjttgOVPo8RnFyPqXTBN3LbJfTXLLR3+QlQNteIAKrSn/ZUNiiyZUHmJALfMQDKj6luJS05lxxyf6lCHZTA81LQjkaIxVZgLR5YOfeqnJdSrO0pRW3crddTDuUcVLklGcQy9HXlAR1bLNvHiV+fNHZUxAo83DunO7l90aDAAaMtu4jgvNJQRNKtgVFYO0ETMrFw64C+RzAW6b1qXbesPUGrUs02/5L2i5BpiphoVbmI7E3H3UpFqsaozBdwSqSMFaVAGZajp8xYFFNxgr9xTG74lir+oJLqDjLUct/8ADmqYjCrVxeIMVRRyPmaGzJgqZFSDiVpUtZWmOkTwOT1D1NC7vfiOENBVDr3FWahHniKFmuozYAuM0n/UWAXawiabKLTmHY+uoDbVYqK4BvTWYuAWbCYC8eGLVGmcS1Q9UyCipjJ0IRBi2Iv4mJk8QgYhrXQ7jrE4Kmjtl3SDLyarzEbtVuUFK0Li4Kcvcd+ueYrDJ0TFCoUctxGndxCzVpcIluGBhDK2Fmj6jbYFF7S4Mt0b5LUrcHIv1EK/CsUJdDWL+QKXecwQg2TCByvhj+TSG7rEEzu5W1a5mMDslKWcwlghg8w0qEXdUXZA6NXKNTpF4Mv9j430sNcCKlqjPDiaPqogHmFEysDkgCx54SU65FP/AMRqWrFceoZIDpJd2ICFgVxUzRK3KpZmpHfmVFKBwV6iAADaQ5bDdxlXLCO2JLfMhagvmKXRqDd34jI71KoWXEDqHDweCGsH6jAXDCmpTwQSVLZc4YuKIhFihPzBKm/cReReKjreFc8eIW2nuAuVrmHf5uW0G1zkbgpAW4U2+IFlFrMB3FZ7HHxG0xpR08wBpHAu/mCmU4NEq8R8cxbIuC3k6uMCKNdkF1svUUGS5VIaI8LKgwxCuhKrURtX1HkSiUHMMaWLgEQNDeisR057JcVjWhcQl4vVVLCVGwILKTP4SlgxcqUVeQqnMHj7lAQwEl+GClSx6cpcBYGbqoQXBDrQxCvwjpYFdwbJ5W8y9Ix4hzOc1kgEAru0ZAD2kREiSkbOYJdkMENcwoChXmCci40iowQbQBEWk4ARHKlOqqFkOI00XMlYvoKhbUz3NxJnM3x4glYGO6CU90wjRjUWB756hLTyhgGoKUGY5O3tib4qZ1KYxDJq/cpUKzB4D6YMDZiGKwaWFTDrxBzJolHN3P/Z'),
(19, 'iliyan982@gmail.com', '$2y$10$qauCsaR./UKVp/CUjLrgX.MdySveGLA1lUupssHhdc8rk1lNAIl8q', 'Илия Драгомиров Драганов', 'user', 'София', 'Факултет по математика и информатика', 'Компютърни науки', 1, 2021, 'data:image/tmp;base64,/9j/4AAQSkZJRgABAQAASABIAAD/4QBqRXhpZgAATU0AKgAAAAgAAYdpAAQAAAABAAAAGgAAAAAABJKGAAcAAAARAAAAUKABAAMAAAABAAEAAKACAAQAAAABAAABAKADAAQAAAABAAABAAAAAABBU0NJSQAAADEuOS4yLTIxQQD/7QA4UGhvdG9zaG9wIDMuMAA4QklNBAQAAAAAAAA4QklNBCUAAAAAABDUHYzZjwCyBOmACZjs+EJ+/8AAEQgBAAEAAwEiAAIRAQMRAf/EAB8AAAEFAQEBAQEBAAAAAAAAAAABAgMEBQYHCAkKC//EALUQAAIBAwMCBAMFBQQEAAABfQECAwAEEQUSITFBBhNRYQcicRQygZGhCCNCscEVUtHwJDNicoIJChYXGBkaJSYnKCkqNDU2Nzg5OkNERUZHSElKU1RVVldYWVpjZGVmZ2hpanN0dXZ3eHl6g4SFhoeIiYqSk5SVlpeYmZqio6Slpqeoqaqys7S1tre4ubrCw8TFxsfIycrS09TV1tfY2drh4uPk5ebn6Onq8fLz9PX29/j5+v/EAB8BAAMBAQEBAQEBAQEAAAAAAAABAgMEBQYHCAkKC//EALURAAIBAgQEAwQHBQQEAAECdwABAgMRBAUhMQYSQVEHYXETIjKBCBRCkaGxwQkjM1LwFWJy0QoWJDThJfEXGBkaJicoKSo1Njc4OTpDREVGR0hJSlNUVVZXWFlaY2RlZmdoaWpzdHV2d3h5eoKDhIWGh4iJipKTlJWWl5iZmqKjpKWmp6ipqrKztLW2t7i5usLDxMXGx8jJytLT1NXW19jZ2uLj5OXm5+jp6vLz9PX29/j5+v/bAEMAAgICAgICAwICAwQDAwMEBQQEBAQFBwUFBQUFBwgHBwcHBwcICAgICAgICAoKCgoKCgsLCwsLDQ0NDQ0NDQ0NDf/bAEMBAgICAwMDBgMDBg0JBwkNDQ0NDQ0NDQ0NDQ0NDQ0NDQ0NDQ0NDQ0NDQ0NDQ0NDQ0NDQ0NDQ0NDQ0NDQ0NDQ0NDf/dAAQAEP/aAAwDAQACEQMRAD8A/BQe9SLTOlPFdI2yYH1qZcVAtTKaYiSilFLigBlNNPxTTTAiNJTyKbTAcDUymq4qVaALSmrSGqSmrSGgC4pqdTVVTVhfU0AWBTxUS1KDQA8UGgU6l1AiIqMirBFRsOKAKrCoGFW2FQMKTApsKYeBVhgKhIqQG5FKDTSfSincCUHmpQc1XBqUGmgJgadUYNPpjP/Q/BelFJSiuoZKtSLUQqUUhE4p9MWpBQAmKjI7VPimMKYFfFNxUpWmEVQDOakXim470tK4E6mrKGqi1OppgXkPFWVqkh5q2tAywtSrUK9qlFAiUU8VGKfSAcRURFSU0jikBAwHeoWFWWFQsKBlVhUDCrbCq7CpEQU3HNPNJQAlPBplLTAnBzUg5qFTzxUgpgf/0fwZPpSVIRTcV03GKKmWoxUi0CJ1qYVCtTrSAdimkVKBmkI9aoCsRUZFWWWoiKLgQUVJimgUXGOqZTUI4qZeaTYWLKGriGqK5q4nvTTBItCpVqFamFO4EmakqMU8UmIdSUUuKTGMOKhYVpWlld6hcJaWULzzSHCxxgsx/AVa1fw/rWhuqaxYz2Zf7omjKZ+maydemp+zclzPp1+4S3OeIquy1cZagZe1atjKbDHSozVhgT1qEjtSEMNGaCKQUASLnNTKc1AKlWqA/9L8HyKjqVqZiugBQKetMFSLTAlXtmp0qFamWkBOtP20xamAqgIGWoGWrjLULLSAqkUgBqUiut8AeCNf+JHjXRPAXheD7Rq2v30NjaR9vMmYLuY9lUZZj2UE1MpKKbeyGdJ8Lfg343+LuoXlv4WtoorDSYPteravfSC20zTLUEAy3Vw3yoMnCqMu54RSa+6vBn7PvwU0K1iXT/DGr/FHUWCbtT1m6k8NaAZANzfZraLOozxZ4DyBNw5CjNfQsNl4Z0/SbP4deEgi/DzwTL9lsYlURr4i1m3+S71i8GP37NMGW1ViVjQZAyRjF8Q/Ei30b7PDvjQ3VylvDG7bdzMQNnHTjoMV/O3G3izjYY6WV5FTUpRdpSd7X6pJNXt1u7bqztc/qPww+j9/bGChmecSajNJxgmlo9nJu+61SVtOvQYnw68ERWm7XvgH4PaIAxiPR9WvILlAepD3QZJGx0JPHrXnF3+yF8HPi2bu0+Deoap4T8WW0MlxL4W8QANNtRc5t3HFzGTxujbPPCseK+tPhZo+t/EXxVL4Znu4bOZLOW8DzK5jCxlONwySCrA9ByKu/Er4T3lgIiLpLLWdMIvNK1TT5QWt5l4WSJwQSuR86N95cqw718Tl3ijnmE5MZm0LUJS5faU7rlfnFtxktdnFX6M7OLvA/I4VJYDK67p4tRUlFu8ZJ7atdbbptLsfhr48+HXjD4Za/L4a8Z6dNp95HyvmKQkq9mRiBkEfQjuBXHKK/fPxj4W8Oftd/s+XfifxFYLbeMfC2pGw8Q+Qx86O+gVVaaLORskQrIpPDRsQeQK+A9V/ZL0GzkES3N9F1+csjA4/4CP61+/f8RBwWDcKOZO0pLmi4q8ZR/mXb0+aumfyhiY1MNWnhsTG04Nprs07M+DBTxX2kf2X9DhuVZtRvZodm4oFQNnPTjn+vtU4/Z68LtHKrWl+DEgbKSneQTjOChAx15xWr8Ssl2hKT+X+djH20T4nrsPBvgvWfG2qppmkxnHWWZh+7iX1Y/yFfQT/ALPuiGZSl7eRRlgWDhGOzGeOAcjvx+dfQXg3RfDfg7Sv7J0QIg+87nmV89GYnGa8riPxKw9HCP8AsxOdV7XVlHzff0Qp1tPdND4cfCXwr4LtFXTwbu88tXubpkw4PVgu7oBXd+MPh7bePfBl9Fd2a3HkJL9md1yUnVNyfN6kDGPer+gy6fLbsIrhi7N3PUnqCO+O1fWHgTxL4Pg+GeoaN9mSXV3vrYtFMdzPmRRvRdvygLwee3PWvwzhjE42rxCsZjMT769+8r6ta8ttN1dWWltEck2/iZ+Mlr8DdC8SeCrfXdFupba9MWZFk+aJnUkH3HIr5l1vRb/Q76TT9Rj2SIcZ6qw9Qe4r+i/4ifBX4QaF4O1q98OWi6ZdQyXE2yGfMbzSOXaPYQVABfhVxgV+M3x28I/2dbRXjIy4kIUkc4bp+v8AOv2HKuJcwyziGpk+ZVeenNtwe7Sbdtd9Oz+R/V2I8O8j4j4JfEeSQdLE0Irnjb3Z2S5ravzaat5rt8nMKrsKuMuOtV2HrX7IfzG0VjTakK0wigQVKtRDrUi4poD/0/wiYVHU7DvURroGJTx6UynrQIlX3qdagFTDrQMsLUy1XU1OKYh5GaiZamGaawpjKrCvsn9iyyuLHxh43+INvCzXHg/wPrl9YzY4ivriNLOJx/tKtw7DuCM9q8T+FXwb8W/FjVvs+iW7R6dbugvtQcYhgVu2T95yOijJr9cPgF8IdF0SDVfBOi+UYtc8P6ppa7sb2uZId8TvzyXljUcjjpXyOd8R4ehXhl9P3pyaT1Xup9/N9F8/XGWIhCSi+6M7W9Jj0TwzomjwKzwRaTZJgHALyQJI5PuWfce5Jr5v/aC8cQ/8K58AeBbTRbKG9tPG1pe3esAMby4DI4hiZmHCKGORuIyBwDmvV/CXxAHjDwtYjWoxDqGjqdMvoScMl1YqtuQwPKnZGoYf3snoa4L4g+GdO8VWVhHcw7HttQtb3s24QyBuTgHGMg8Z2niv5cyvF/2VxDWVZPl55J3Xe/f81+R/pnXwdPPOEKWCw0rTcYTptStHmVmr23TV1Z6aptXSt9mfADxVongjXjq/iCOYKLWW2jYDPzO4/iDDaCAf89fWfG/jPSfE99PqUEcq2qWxht1fHmRnO7cvUFGzjOTt5H0+KINRuXHkQD5Mgb/756kj2OOCRWne+LLLR7BryaWJY7WKQu7nIQcFgW9Bt5zwCfz/AD7Mfr+JwiyyLXs3Pmslrf1/T/hj0844TweKzV5u52qtW30SWvy9f+GPoL9km+tJvi/8aPAkMa7tZ8O6Tfryv/Hwhnt2O0jG4qE5/wBnNe4fE/w3ongfwF4fs7uwtpNRdZTNd7VkkJDKTH0Xld5JbAxtAGea+G/2BfEWoa38V/FXxOuQ8Fv4qmNlYDIEkltaQlY8LwTuJLKMcnnnmvs/9oHxyurahY6LHHE8WmyOJvKKy5EgUt99VZHKCMnp95hk4OP6Mx2Ew1Lhn6njv4tKEKfS6fLBtK+zW1+yP82vEXM8Nj+I8di8K/3bqS5Wuqv8Xz3+Z816tKLDUpV+ypEqSrsfKSHyyMqVA3K24kj5Tj16HHM295Et1LLfQpNAy4kxJtYJIxGVRQFzg9RwABiur1rS9X1OVvs9uUNpGiqilWVYzliAxZioJJJG5sMW6dBm23gfXHt4ZRDB5c52bWkTKE4ILbjkIcZRuh5wSAcfkv8AZKptww6co7db/fp/lfsfEc+tkczq7+Bklnt9HspGZGCxPPhXZNvzLgZUc85HJpmmfDqHxJNb3JtUtIbh/IjlaRIUZ+CAfNKgnkY7ZI7kCu6s/hbHdyRXl1qcUJkcr5SIZpdpVWUnywR03DaPmVgARyK9W8Q2Xh7UfhVb6L8QNMS2uEkggt5bX/kIXsMbpPHui48sYQKXc8DkBuM/QZTllWo4yxlRwp26bpeeja8m1vp2R1UuV2UpWR47qHwG1/QUhuFSa0glAI8xSqk+oP3T+AJ/Km2ej674YuYyrTI8ihdxYhJVLburZ+U4GDkDvX3R4C8WeI/ivpiWmuaUyaZGEFvJbofLiZDuLSO8gGcdgpPzVc+IGg+FW8N61YNYk3ulTQi2cIT98qHPBP3gcYxgH617tPgqpiYfW8LikqPR1ItN9/wTt3IpOTupM/Pz4l+I/iXp97Ml/fQXXh3XbmG5kjjg2S2t35SYy4zmOVVDA8YfIPavk346zrrXhbUJ5j5k0SpjPVdrLj8hX2N8WopdH8C3T2Aja3kg81kTO6OaGZWfjqPkI69MGvzr+LPi+0g0OSzjYPdagAm0HO1B1J/kK4qGAzHGcR0nWlz1ISjFS7xVpJ6Jacr7dL9T+wPB3jDC0eA8fHHtR9l7SOn2uaKa9W2+Xzsj5GlHzMB6mqjj1q8wqs4r+rYrQ/labu7lNwc1ERVlxUJGKCSLFOU4NGKQcGmgP//U/CdhUJHerDVEa6BkVPHSmkYpRQBKtTLUAqcUATLU64zzVdanXk0CJ1Feg+Avhzr3xB1iDTtLiYRPIqSTlSVQMccDufatD4dfDfVfGmpRRrBIbdmwSAef/rV+u3wI+Feh+D7e2jtWiluP9a/lLvEPlkEKx+6Hb06ge9fm/G/H1HJ6MqeH96rb5L/N+X3nPiMQqa8zb8LeBtK+GHgfRPBumRrAtlA08udoeW4k+874+/IWHBzxwB0rZ8HvdaMbrxHcTGD7CUaBkRfNaTjaB/E204PHPevY9a8NaRr/AJF1BI6vIuHwufmjyMDHAGByT1/GvNdeh0+6gWzsIGia32rCiqXdGf7zHaR+8bpnsOOK/nGlnXtKntakn7Ru930bd7t9/wBfmePXd433Z8h/H3QtR8MeMLv4zeDLQTWPiDb/AMJJY2xwsd+nBuY0ydvmjllOM4PORk+VWnxk8M3dvDNHdxiThZIpG2svPHDYPBP0r7V1Tw1fTWawwoVuWVBN8gkjeIY3KyseScnjHHTGK4W9/Z08H+Lrk3fiDwDZXJBDiawnms+PRoxuUEsf4QBj2r6/EZjk+YwjiM5TjV254JNTS0u10du3/AP1bgzxqzvIcL9QjadJbRlf3b9mrWXlt6HyTqXx28PWasr3UQKFzHAh86WQ5+UYjU/KPQHtzjOKj8KeFvil+0nq8Oj2emXmkeDt6tezuhSa5iHYkDCRnvk89BnpX3r4P/ZW+HuhrE1p4Hso5GYKJLieaSQsOhZX+VgQcnb8uOPWvqqx8Mz2bHTYIPLhjVYobXT0+zxjbyVAUBe2S2Mnbn3rled5Nlk+fKMNKpW+zKa0i+jUVdt37nocSeN+f5xhpYRSVOEtHy3u12vd6d7Wv1PGvCHwsj8JaTaWfhWK3t2s0RRIsrKd6L5aMEK/L8gXPJG7JzXT6D4Bl1u7u31G2mublsyNcI42mQ4bzDJnJLHr1/qPXLXS7Z7eWa9323myxxlJj5QzITjOfm/hYk4PyjPTmuEufE+laPdyQ6cnnbfk/cuZDtEnlk7xtXGfu+ox2wa+JxuZZvipTlCi3ObcnJ6K/VpNpeV2n9+343NJy55v5f0jG1Czjt9SbTrW42W9wqo940TEpKOXZlLsWJYYLc+vHFc5qUV9DLcSR3uVhZMiGIhWCdCihew5xjcc9Dk16FdeJZb6yMUNrDGqhhNG8oZiQeG4ClcE9mbPGeK8yE8yX0cr3RQoyjEZAULjDsVbOSe+OO4rTLsvx2If+11rdLRTfz6Lbz/4OE6j/wCXauTNo06XP2iVmiMySBHbfvYgY3NgZO7n3wa7rSFhm1iw07WI01FVmi2l1YglQvDZySi89cjqa4+3j17Ur2T7Np9zrCkFPtEMEkrBSDgrtXG4E/8A16uaZ8Gfi1e38F0LS6so0yY5blo7f7wydwmkDfl0r7PL+FK6aVOq7b6prrt9pX0/HyHSjiJe9Gm/uPv/AEbwza+B9GuDpQ+020rR+RBFEGeIEKiEEnacKAWPYc9eK828eH7PZyMJYpbudg0dtbMsrnaoUS4yCSQpxn5RgHrXndr4C+JY0+OK9v4o5YCAsratHtVCMDCh2HYDGOQKjj+G+pSO+o33irTvt08RUrbuZJGjC7WXagCkn+6Tj14r9JzHMKssIsLSpcq21nsu663PWhha9RW5LHkvjDwhpUsQad4hCUMTQ4Xy5PNXMg28gDHHfj6V+IX7Q/w7vfhv8SL3RZJpLmynVbmxlcHiF/8Allk9TE2VJHUAHvX76p4O8NWyo2t/ELTBfDAaGRXLAZ5UqpYbjjBPYdAM1+Xn/BReNtN8VeGNJ2208E1tcX9rf2bs8M8DlYtp3AESIyHcPQj1rz+A8DXwmdc8LOE4tNJp2tdp9X5dN/Q7aFDG0IODuqb1avo2tnburv7z81HFVnFXWFQMtfu1yyiwqBhWitvNMwSFGdj2UEmvXfA/wG8eeOZENrZtbW7EfvZlI49h1rzM0zrA5dRdfHVYwiurdj0cuyjGY+qqODpucn0SPDcZpNpr9TfAP7Fnh2y8q58UTNeScFlPC/kK9Z+JP7I3wk1TRLZdEg+x3iYBeE7SRjnIr8iq/SA4Xji/q0JScVvK2nyW7+4/SKfg3nroqcuVTe0b6/NrRfef/9X8K2FQtVhhUTCugCE80YxTqSgB61MvaoVqYUhkq17l8Ifhfc+NtTgluExalwozwCa8c0qwl1O/gsIAS87hBj3Nfqd8MfAT+HrDTrKNMSIis3+8wxXw/HOfVMBhFRw7tUnovJdzGrOy0O78P+DtL+HPh2W8RMuQI4xHgEu3C7WPv1r7A8I6DNoHhaztrlfOurtyXkUMAvmHJ6gELxjkflXhHjaKy0/wzp97eIXt9Mv7O6uo4+CYYJVL9euBk4717X8UfFsTWVvLp13DcWNxFHIZYZBzG43ocKC2CCMDHrX4dj8oeITlUi5bLzu1v8/0R8/j5SdRE/iD4geE/CYGj31+Le6k/cgKBhQQMAKSCeeMjgetYEvxT0XTJEng01Z4HSOElnRcAcfMcM+WwTxz/KvnubxzosF4bgTGa6kMY8yUCSXYpYYUDdhcdc+3fpqaT4u8Gag4fVNAEhBCs5QqMhid2U+Zsg4yR+FcM+DqDtUhh5q2+nNf75L8ioUK1T4Yux9KWfj7w3cQXN7eaRBHK83yBnLiJOAGAJzk4JGOnent48vtLkhEC2phUDy5fKCloz/E5DYLfgRj0Irwqfxl8NmkZbfRLqFbfDbTJKi4UZ2hiwDk9AOAO/eqI+InwvSKSGfQLm9d1OBdSGdBnoMF+o9OnFdOFyCMJNy5ku3s0v1/r0OqnlGMq6U6cm/Rf5ntmp/EmJYQuoarFaySJjy7farNJGw2tyCVYjjjj0qnp/i7xP4mLQWEWo3T27MkUUVrIp+bALZRR9Rk4xn1rzex+OeiaVam10Hwfa2aspEjQRxQsfoSGK/Xr6VqXH7WPj2Jt+l6XZ2g2bQw3SSccD5jjB/SvpIYPC1Kfsq3M1e9tF+S1+/zPbwnBeZS1qRsvN/oj1y2+B3xC8WxoNXt59La4JdbqS4EcgbAGWVfM3e5br3r2XRv2atKt4EbxZ4ohRlQBxaoqsV6Z3yHhj3IUV8Jav8AtJfGXXInil1iS1VhgGCJEI/TNeQ6t4x8a60TFqmualcIcblNzIVPttBAr6PDYbA8nJSw2nn/AMO9PI9H/VOGHXNVkn6Xf5n6panpf7MvgGEprWpC9lDcrNeMzZHbZGQCK4TU/wBqn4GeD1eDwb4ZiupwMJJDaxqQR3MjjJzX5iNBJKcx7/N4wzZJP59adcxSwRkYDSY4AOefeuhR9m7JKP8AhWp6OGyqgl7i27uy/r5n174t/bR+JGsgwaHb2ujW/KqMmViCe4GFrxjU/jH4/wDEZP8AbPiCaZD1jXKD8ADXz/FDq+pTtGT5YX0GRn0rsLfw+0CBoEIcdXPUH6nNcWOxtKlJQ5HOXqfQZZkU68faJqEe/wDX+Z6b/wAJLc2luLi5mmcyY2LvJLHt8tJc/HvxToELabBIY5pOFijADgn+8cYBPfvXi2qePE0CYWtoF1HVhlUMh3Jb+hb39hXC+PU1bRPADeL9QmP9p3kx+YJ8gZj2NcWExE8TWjhqUYxnL5fdoaZzl9LL3GpXvKD2fmfRdtfz6jYXPiPxdfq07bmUmXYsOORjBAJz1zmvmj43a7rPx88V+H9C8JI97p3hvTzZrdbT5Rmmk8yZlbuOFGe5BrwXwvN4l8f67BpGo6hPJaOwMybiEwP9kYFfp/4H0nwp4M0i3tbaGNHVBngfrXj8S52+Cqqq/wAbEzTtFXUYp9X1flsfT8JcI1eLKbin7OhB6vq32XRHxZp/7I/iWeSL7ZeqiNjdtTn8K988O/sheDLO2WTVGa4kxyXb+gr2jWfiVoVhIfOuo1VRzgivCPGv7UHh3R1aOyuUynHXk/QV+d1OL/EHiKShhXKEX/KuVff/AME/Rv8AVzgHhqlfMakZVP7z5n8or/I9a0X4P/DPwxNGGtIFVWG5to6fU1794l8V/B/wnoNuvh6WBbhVBZUbJ4HO7tX5J6t8ffF/jK4aPw9aTSqxwJGBSMfif8KgtNE8XeIJFfW9Qk3Of9Tb5P4Zr0qfhvjatKf+sGJ5nNLf3pL0u9GfHZ3415NhZxjkWFaUL9oRfqkrtfcfc9/+03paXZttMtHmKHGRgA4rN1H4363qwBtrUQZ7M2T+leb+APgVr+p7WjtTawcF7i49PXJr1LVF+DnwoTHiTUl1PUUGRbwnecjsQK9Gl4e5DRs6GFWnWTb/AAPzLHeMnFGJb9jVUE/5YpW+erP/1vwuNRMKmNRkV0ARGm8U+kxQAq1MtRiuj8N6Qdc1aHT84Dnn6VlWqRpwc5PRA2e4/s5eEU1zxpbXl3CZIIXGPTOetfrn4f0JDfPJjCphUAGef/rV8o/AjwRa6LPEkC42lNxA6Zr9CNF0Wz022kvZ5P3SvvVietfiWY4mWcZhKvBXjF2iebXrpXkzzHX/AApcy2GpWd7KZIp7eQYwTwR3z0P0r498L+I4rLwzbeF7u5u5obe5ubVI4iTi3jbKkjuASR+FfYfxl8Y3EOhDT/DUXmX0udrZ+UqTg5+grh7jwta2+lxSbBbRpsixbxqTvKguxPpk5ORX6nwfwr7Hmq4yN1JaK34nj1cRKcuag1ePmeRaj4F1i2tYtZ0CFLmynUlZogScDqCOxHfFVNH0STUJ1Gs2s8A6Bkzt/FTmve9P1+98JSRRxwpLZxH54yjjzQw5PoueOo5619TeFovBXiLQYtQSziilmG5odwd4+3zcd67824bqUHzr4WfQ5dnsKkeTdo+L7P4Xx3yGSzu4WGPuM21gM8Z55qnP8MbvT0ZSoY5z/eB/EV9q6x8PPDF5btJaBYGKAldu08e/bHtXy74z8GXVo8g0vU5UC7sASErn9CK+LzPAckfgv8z7DJ8R7SelTl9Vc81fw9d277GQVXOmJE/7wj8SP0rmtS0fxgrH/iYSNtz/ABk/1FcPeaJr0rYvb6Zew+Zv8a+JbUKm1vI/QPZzlTs3fzX/AA57tb6PYyoC0scZ92AyawtRstOsOWlicNyCHGc/QGvJ7XwE9wPNfVWjI7l/8TmpYfA/h+3cXGqa/sCn7qsN5+nX9BXvYfFc0LQikz53E4D94vaSep273diqlg3TuOTXA+IvFtvaRFLKFnYHBLDg16DpMng+KRLawtrq9LcbmUgE9uWqTxhp+n6TotxrerQR2ttboziNQNzemWP9K4ebEzn8eq6I9aOEwsYKCp3T6t6nD+EfEX2x0V4hEB95nwq/mcVP48+JuoWmmTaT4QshLdyKUN4/KR54JRe59D0rwLwtrY8R3k19uwrudiZ4Vc8DFfQ2iaAs8SmRQd3Svi83z2rl1Z+01fW5+qZVwZRrUoyqbK1l/W54x8OtKkubyMa2z/vJMzPjL8nk89TX6aeG/hN4B+IXw5uvBesxEpdxSfZZ5CPnZehQ9mWvn7wb4F01tcia4ZYYGzvyMgEjFenW3jGx+GWvnRo72PUdNMZXaxzs38ts/ut718nLiL2uIWOhte2j95Pe6S107pf5Hs5/wrhsww7wElaVrrs/R7XPkx/2ePEfwn11raya3v0LkJceYMqAePMXqD9K938GfD2PW76FPFepSzCRlQxwExRruOMlupAqh43+IfhoahPew3BWJ2LBpWBbb+HpXmmlftFeDtJ1Dy52vPLVh+/WBjGuO5PpXj5ljeIs3Uq8KblUX2lG8mr+d0v+3Ujgy3I8tyyisJi8ZyRe0XJRV/NKzfzbR3Hxj/Yu/srxc9lL4vuksbpRNFHblXKI38JY/N+dYXhf/gn/AODdRaa6stQv9UuIU3kybWVfcjvXsUXxAtPHLjxBbXy3ouMHzUYEYAwBjtgdq7q2+N+j/DLwzrFzPcol3Lb+XAoYbyTnOB1JPQVyy4yz+pmCwlKvUpUbtcqUXNWWibcdW3Za99X1NMT4WcP4XLHjK9OE6lk3Jyahq9X8Witrp/wD5s0r9mTWLK9mtryW2stLt2x9o4QFV6nHYitnUfH/AMEfg1G1po0C+JdZiO0lcMisPVulfMPjX4s+PfiBLJHe30tvp5ZilrExVdrHoxHLE98155FpQzuIzX7FltWrSwtN42zrWXM99evl9x/IGc0sCsfW+oXdHmfLfflvp/T1PZPHH7RvxH8bRzadaSpo+myHAgtBtfb6Fxz+VeILp0905nuGZ5GOWZyWYn3JrooLAKfuirywJH8zkVVXHtv3Tzmz/9f8LzTSKeadHDLPIsMKF3dgqqoySTwABW7fUCtjmlWN3YKiliewGT+lfXHgP9lPxHrdpFqniyY6ZDKodLdAGmZT69lr9FPgZ8OPh38LrU3dn4cs76faUNze7ZJdw5JO4HA+lflPFvixlmTwlHDRdeqvsxaS/wDAnp91zJV4N2TPw5+zzKcNG4x1ypFdl4Ga4g8Q2zpGzfNg4Umv3a1x/DHi25cTeGdOVs5LR2kYHHfOMmuVl+F2ntLLdaFp1kEhTdIqQokn/AeOTXfwb4i5HxHRWHxlX6tWnpyz1XykvdfzseTmWZ1sOm6VLnXdP9NzifhVe6Tp2lxT37iJ5EBPBLE+mK9c8S+K7jW7C10zSke2jQNuZ+Gf0wBz+dXT4E8OaFoD+IL27adAqlUijA3cZYMedhU8DIANcJYX7XMsd0kTLChAVmOCc+hHNfrHDfh1lGWTeJ9o6kvOyj8lv+J+a5vxDmMrU4wUU/mybS/D9wZWm1iTepBZA3TPbPtXoYsGv5Gty7pCqBkMfz72GAR8nOCDknqK5zUJYprq2hUrJDgtIxO3IPTgnnBroIfEehaPpssryBLn5gdhwDuHK5POMdK9nPuIMNhaakn73Rdj1uG8sxeL0jflf4mTrejTWko1CdP3Ei+XAoZpJGkRBn7w5XrkdR2o0XXY9OMd3DvsysrMpDfeR8hkUbt20E5OR1xj1rxvxR8U9Pt4TbhlHluzRqHJABHQDJrxvU/iZdanGyWqMSRxt4GPw6V+bZlxfXqwdOCvc/Y8j4Ip05KtVdvI+49X+LdtBAI55lEuCSQeSeh4zxXiF943j1SeTdOoyc7WJJH9P1r5ottX1jUb4R3Uq2/oSpbH1HPWu2ht7KWH9/cNJNnjam1D7ivicTWxE9Zs+/w+Ew9DSCPWbbVNPcMJGO7vuasXVG0Zg/mXXB5AGOK4OTT4DE2ZgFA/vEEfjmvLvEPiS00gmFRLcsOmM4z9a5KeEqVH71javi6cFaJ6xJZ+G7mTEjSEdwWwprnNf8W+B/B6syJB5gHXq35mvmjXPHWtyB2MhsYAOn8WK+cfFni2fVZ2trZ3lycFiSxavfwOVczsfP4rMUveb0Pq6D4+6xrHim30jwnAheWQL5jjIUA8tj0Ar6S8TaNP450JLbW7ySV9oww4Qkf7I4xXyF+yn4U8OXmvXeqeI9QigvY9scNnK6o5RuS+CckZ44r9UNK0Lws8LRXF9DDCiny3KEo2BnHHTPQGvxLxP4nlgMzjgsE5Lltd7Jt69dGvwP3zw34fw+LyeOPxSTcm7faaSdumz/E/Irxndf8ACmvGcNja7pY5UWWeIn+BjwV/I19y/DHxDY+JdItr60lDwzIGRgfzB9xXz1+2poXg6WXQ9Q0KaKXXWZ4JYoGDk2oBIZ8HC7X4GeuTXjvwQ8YeKvANyba+t5JdHnbcQOWgc9WUeh7j8a93G5VHiThWjmdLTEWd1LRys2nb9O60PEwvGf8AYHE9fJ8fNPDtrla15Lq6v+T7PU/XfSooVKtHguME96+MPip4UW6+Kd/daZNfqrmMi0WRjH5rD5iq+h9OlfWPw91SDWIYbqNg6zIGVh3B5ruvFt7pPw/0K9+IyeH/AO2b+1RUiO0fIP7zZGMLnJ6nFfhnB2PjgM/+q4ifLzpxv59F82rLzZ9N4rYLG4rIXisvesGpaXu1re1u17/I+Z/BH7PGt61CdV8Usmj6ZCoeSW5bDFev8VXvGXxD+CXw80y58NeDNMg8R6psCG5kQPbAkckt3I9q8A+IHxl+IPxRkaPWr1rfTt5Mdjb5SJR2Bxy34157b6aqrgLX9Dx9hh1+7Wvd6v8Ar0P42q4irOXtKs236le3uNUS9uLvT2bTxcuXaO1YxxjPoAasrbT3DmW5keZz1ZyWP5mtRIo4sBjzjoKVDiTKDaPeuKVVzk5RWvcmpjK84qE5trs27DIbYIQBxVtQidOTVd5EOSzZqvJqCxjA61j7GUtzmL7T49qpzTAcsc1hXF67tnNVZr1VHztn8a6aeEHY/9D8MT/Ovp39lTwJbeMPiBLfXqeZDots10FIyDL0Tj2r5kNfQv7NfxNt/hr478y/OLLVIhazN2Uk5Un8eK8ziSnXqZZXhhvjcXa25hiVJ0pcu5+p2j6f++Z71jLIY87RwB6ity0vJ7eM2q28bQXL4yeNu3HA9DVfQ9XsNaaW4jkRcxKqxKfvq56r710N1aWoQzRZCxsBGT/LHfJ61/F2aZDTxD5FPVf0l5WPHp1HFGzJq0lpaxw2SqsjoRKQAFTnhVPqe9b3g/WdMgZmm5uUb91EF4lOfm+Y8HHftXnRnW2na2uIvNxsZST8oIGWBGOo/SobmOK7kVhMYpEBbbGxROeoOMZJ9K+Tnk2Jox9lUm1bz/rQ6YYlRkpNXPo3VNJ8LatbmS1xZXd5Gw2RjzEkB6rLFjGM988dq+Kfih4X+K/gidja6BNe6aXEi3Gnfv1VQP7q/Ov0xXuuj6zeWEIkjmJ+bmPlS2eBlh8xB+tdfpV9fXd3HcQ5y7YkUHGATzjJ646V+ucG+OOe5LRWX46XtqK0TfxJeT/K9/U87F5ZgsTWVfkSa6dGfkv4v/aduPD922nyw3C3qjGx42Ta3TJ3gc15RqPxW+IPiVGcXH2WPggIdxx/Kv3W8ReCvAvxDiGm6z4fs7naCA89ukshx1LFhXg2q/slfDS71GVk0630+FU5S3LRZY99qnHHev2zKOKMkz/D/WaGJSqdYz0kv0Ppstz2GDapSocse8dV/mfl/Fa+IJ7eO6aZpfMQNk8nmpdO/tw3Swt5pcsFUIcZzX6U/wDDLeg2UKx2lzJKir8sW4gNg/dBIzim6T8BdL0HUBqa6TtmTkGaUuIyP4guDz7npXxmfca4XK4S5qFSTtpZLlf/AG8mz9v4Zyb+2OWWHxFPl66u6+VkfOfgb4O+ItdjOo6jcSaXCygKCMzP/wABPQfWvX9M+Cdhat5t7eXN0o9MKPzAr3/TdNh89bYYaUkKqswVcntya9c8HQeHJ7i70vVZ1V7iOOCCYx74o3kIy2MjAHHzZBAOcV/O2K8RuI8yxfLh6vs4SbS2ilpe3M9bva7e7WyP22XCeS5fhuepR9q42bere9r2WlvK33nzrb/DTwzo1pHI+myt5o3RvMhKkAgE/N19OB1rrLHwZ4a1a2On32kLc2jAF1gt0cgEE5CkdQAfyqT4teDPEWnRahpdndS2upWyl7cknZNgZUBuoVvUV+Ymk/tt+K/hv4nS0u7g62kU5ivfLTyHtACUdYpDzK4GQQy7T0zW+TcL57xJKdahXlOrRl71OUpc8bdbu0d07LmW1rmGa8S5HkkKdKpTUKdVe7UUVyPydry0TV3yvfY/R2f9mPwBqEEuoaJptlcQtMYxFcwqJu20lDnG7PQE4r5R+Pn7Nmi6X4U1fWfD+lW2j65ZW0k0UsUAAkEQLMpXGMkAgMBkGvqz4e/FrT/ENlZeKfDd7HqFpN+9ikTDKuedrp2YEkFW5HbFc5+0L8ZrE6FezXpt0u3tnt7S1i6u8i7Qdp5wO5PAFdOV51jqWMp+wqVViozinBtuL19699Uu6d/8ujNMmwbwVSONhTlhHBy50oprTRpq132at/n/AD42kWpahej7IJJblmzuUndk989q9u8P/D/xlqsapquo3fknH7jz5Cv0I3V9E/B39nvxF4glWbSdNbZIeZ3XZGB3O48V9Z3ln8E/gZaFvF16niDxAFJTTbMiQK68Ycjhee7V/U+b8TV68vZYGCSX2n+n/AP4eji6kW4wk0vLqfKngX9m3xZ4ouE/s+yIhXG+4n+SJF9cnr+Ga+lYdJ+CHwKtv+J7MvijxIoH+i2+14429Dn5Vx6nn2rxvxf+0f4/8WxvpujFfD2kucJb2XyybcYw0nXkdQMV5HbWhc75WLOTliTkkn1PevnKuIqR96s7y/roc8nd3Z9m/A3xRD4g/tKSKBLNorxpUtkOQkMpyoHsDkV9nW8V1r3h27tLlt9nbruNuwJRy+FbjGM49euK/Mr4Oa6nhjxxZSynFvct5EoPCncQVz/wLH51+ouk+IrZbKW+jZYZJWJESH5Tg5XK9B61/NXiBlkKeazxE3aMlzL9e32knY/tLww4inmvC9KPLzVKMuR/KzT+cXa/kz83Pir8ILzwjcT63pEJk0iVy428m33H7rD+7noa8WVvlCniv1h+Mp8OSeF9S1a3RY7W506SS4hIwkc20hgvsTyPrX5JS3qplQPxr9H4CzjE5lhqlLENTdJqKktpK2j9e/46n4B4t8LYLKsfSxGAThGsnJwf2GnZpeWuno7aWLMkqRDI6+prPlvMocdazLu/TksetY0uoZUiPgV+kU8M3ufkyia890SCzNisiTVEX3IrIe4kY4Y9arspJ4rup4WK3LsX5NRZ8kVnyTySHmnrEe9TCD2roioQ2Gf/0fwzpmSDkdaefaozmuhoD6S+FP7QOq+D7i3sPEJe80+JhtcH95GPr3FfpB4T+KfhzxrZR3mjXqTxqmFRjgox5yR3INfiUa+t/wBm/wAJ6li48XyyyxWcJKIgJCOfXFfk/HnCOWSoSzFv2c122b9O5wYqhTUXPY/TFZraYGVZ3e4lOGJU4G4ckn2q3dxxq8abuvyc/eLkE7jkjrxXmXhnVYtYCWtxutXJIEpJMbegPcV6IdI1m3mcPBJcR7QytC28/U8njH6V+JYjIcS4qrH3o9zyrXT5NTRhu549QgKS7ct98JkIVI6jGMZr6L+HWl6T4ukvtElmjh1Vt0qXpyiFQcAbfujczEnAHQDHHPzkou5NRWB4pUiO4K7fKQWOcY6Z5r0HRbeSK5itlZpQTvVM7WbaecdORnJGK8fD5XWp101R54vePddbPWz8+hg5Si7NH0LqvgzV/DSmBSbggiKNlUZGeSHOBgjoaisbCSAebdx+ao6lh8uf7zHtjsM9eafpev6vYI8P2o/vmGRIBKVJwoJJBIGAK2otY1VNNvRcX0ZBQ5AKhXwOMjGOO3evPxXCtKtiZVaKnTjJ7WTa3+1dNpaf8E9GhKdTSCLkH9lSTyWksSpJFHG/mMQN24EsRnsCMe9XbTSLWeZmmSOaCZcojpvHT34xXN6V4x8OXQgOv6ppqsIlYCZ4xINwHGSc9s/hXrMWteHL7TY4dCubeW4bg3PmKwwByEUHGDnPPPSvawuRZtTpyVGs/ZrpK+vklrr80j2MEsTQkqlO8X3WhxP/AAq7w/q0qRzafHbtcDMM6xFd/IGR2OK8F+KPg278BXNxbRNvhtpN4deFcDIOcfxY6Z969v1nWPFGkObz7Y09rCu0K5JKAH+DrgeoBrznxZd2/i7w/fzREl2XJB7BAQfxNfGcUYLBVaUnRpONeNm3snH7S5Vp53vfT1P3Dw18QMyw2Z0MJmVXmozdve1ab8/w+Z5VD44u/Flnb2GpSiYQkrbSPy8atj5d3UoOw7V+RP7XH7O17pHjabx54ajC6XrM2b1ApP2a8bq2APuS9fZsjuK+3Pht4stbnVNT0ZZtz6XfTWzqD80bIx+Ug8jjBHqDmvqC68J6d8QfD11byxRz3UMf+k2TqNtxbAcuoJ+Yr1IHOORzmo4az/NOF8/eKo3leNpJ7yhZNb9UknH0tto/3/j/AITy3NcpeGp2jF6wktoTvu7dG7qXrffb8ePgP8E/Gd27f8Izd6nAZ8ebLbTvbQ49WKkD+Zr6svvDXwc+ELf2j8RtUbxBr20ypYq7XEjuoyA5JJGTwC5Aqj8b/iT468G6i/gTwvbReGdHEK7JbNQJLlMYJEmAVA6EDkHvyK+MJlknmee4dpZXO5ndizMT3JPJNf0VRxtDMZLMoz5+dJp6bdP6f3I/h3M1mODnPK8XJx5G0430T/L0a3R7p8QP2mfHXi2D+wfDCr4X0KPKx29l8k7KR0eUfyXFfPa24L+Y7M7McszHJJPck8mrIhJbpxWlb2efmau+pXSWh49yWyjywAGRXXWdup5Y8isiARQgYOauSXqopKnb715lSnKbuZyZtM8duNx4I5yOteveH/j/AKzo2nrZX1uL1o8LHL5mxio/vcHJ96+Zb3Vy33WyayZLy4lGS2B6VxY/hvB5hTVPGwUkv63Wp9Hw1xZm2QVpV8qrODkrPRNP1TTTt000Pqfx/wDtCy+J/CM3htbOSCS5ZRI/mhkCAgkAYB5xXy7cX7y528Cs15W5yc1Hy3SuvJuH8FldJ0cFDli3fq9fmHEnFOZZ9iY4vM5800uVaKOl29opLdsJJGfrzUa5FSiNz2q1HbE9a93RKx86UPLLHNW44OMmtAWuBzUyw4HyispVUhXKKwA1MsSir8dsxOMVqW+lSy4wprlqYlLcTZ//0vwzPFR1KajNdDAfbW8l5cxW0Iy8zqij3Y4r9l/gZ8NILnQtG8GySJAfLR59xC4B6mvzA+BXh5PE3xR0LT5lzCtyssgP91Of51+sviKGPR9RuBaMwQKFVkOCNox1Ffj3iXmDqV8PlsFfVSa8r7HkZpJ2UUj1rVdI8D/Dm+vba6uIZhaKPK5BySM/jzX5sfG74ueIrPxTd654X1a40mUIY0ezkMXy89QDg/iK7j4j+MbmV2hWTIiHJJ5Jr4S+IeuT3rSxO27JJz6V7vBmHhCm1KKtrpvudWHyuUYqT0Z7B4U/bv8Aj14Z+zW9/d6f4gtrZhldTtFeSRR2aVCjZ/2uTXoen/8ABRHxnHdLc6n4S0qdhIzhoJZYWUH7uM7+V557ivztr0Hwl8N/EHiwpPEn2SyZtv2mUHDn0jQfNIfpx719Histy2mnWrQjHz2/I6WqcVeSXzP0PtP+Ci+oXsXkz6EY5pQUOxixORjA2sCT+FaevfGf4l+O9MjtLe8m0OyuY/M+zxIY5lTqQVzlQOpZ2UV8wR6X4G+EFsfto83WEHMYCyXzEjI3E5jtlOehy/8AsnrXhHjX4o+JPFhlsBILDS2IzZWpISQr0Mzkl5W/3jjPQCvlYZLSxlRrCQ5afVvr6I1o5l9nDQUX3t+SPYvGvxC8KeHleztLhvFGr4Kl5J3ks4D/ALcilfNYf3Y8J/tnpXz3B478Z2l9/aOn63f2M+7crWlzJBs7AKI2XaAOAB2rEt9Lvrojyomwe+K9P0H4J+NdcsZdWNuLLToRue6uf3afhnGetfTYfDZfgKfJJq/VvVv+uyF9bnKXvVG5ev8AVj9Tf+Cfnx88bfFCDV/hr471u41WfRYY7vTzcEPPJbOxWRXkPzP5bleWJOH68V96zW+paTql1pcqN9luFkdQOmwjnPoQeAK/ET9k7Vofgn8Z9H8ZXs/m2nmPYXjrwotbkbHb6Idr/wDAa/o1mtfDXiCxW+izPMqLNC6N+6ZCB8pI+9u69cccda/mfxdymMsVLE5XyrmW22qWtv0WmrPpcnxNNYmjWxLbjGSu1vvc/D/4iHUvhr8arvxJpUckUeqJFNcxsf3VyEHltx2YbevUH2r7I+FXxgtfE9nA2kyslzpUodPNAE0WeSo5IMbHnHIzn3z0P7ZXwUTVvCUXxI8L27bLIsbiFRloWx+8Xj+FgN6+4Ir89PhDr83h/wAcafPv2W924tpuwIk4Un6NivnMXlP9qZL7S9sRRgldP4lFJx9U4pWe6enSx+04HjuvgOJIYaq+fA4uXMlL7DnpK3a0m+Zapx163f6U/GH4R6V8avBE+s6PAkOqW2WaCIZaCbbnzEUc+S+PmHOD+Ffj9qOi3mjahc6bqERiubaRopUbgqynBFfr1o/ii+09w9hK8E3KK6MVIzweR7V8YftK+A7mC4l8b2kfO4JfqB64CSf0P4GvN8OeKXSxSyyv7qntrpzeS6c3Vbc2qsnZd/jD4c1qmDlm2HV5Ut/5nT8+/J0e/LdPZHyOgQdBkjrSxSBS287V+tZH24jOwVRZ5ZD8x4r+gIYZ7s/lSxuSaikQKxcnnms2W7mm4Y8elVANvHWpRC7+1dCppCsiInnin/M3AFXYrI/WtKK0VetOTSFcxY7V3PIq/FYleorZihAPSrq2xYdKxnWSJcjHS1TqRTxbkt8orpbfSpZOxrpLHw07kFlzXBVxyiS2cHHYTSHhSa3LPw9PKRuU16rY+FumVrttP8OwwqC4ArzKuOlLREuR5Lp/hF3Iyn5iu907waigMy/nXWXF5pOlIWldQR715xr/AMWNN05WWB1JHvVYfBYrEu1OLBXex//T/DQ9ajNSGoz1rpYHu/7OHiDTvDvxT0281VxHA4Me5ugY9K/Q/wCIfiK8Nw72QEsExzG685Br8/P2a/hhB8UPiJBpl8SLS0X7RKF6nB4FfrDqOg+GPC1lNeag0MGnWMWzzLlgqrgY6t39B1r8X48q4bDZpHFb1FHVflbzOnKMCsbmEcOn5u/kfnX8RBqF3a+bHbSb2zkgEV8sTeGfEmv37ww27BAcPLJ8saf7zHgfTr6V95eMPG2m+JJ57fwpaiS0hy01/cDybZF9ctjA9zjPYV87+I/iDoegKsWhyJqt4Uy1zJGVtrdyTkRQt99hwRI4xz93vVcL5tmNalzTo8reye69UfUcTZlk+D/cYCXtanWS+BenWXy08zJ8P/DLwj4StBr3jGaN1xuie4BIcjtb233pj/tPhPXFUvFXxdWGF7bwtG2mREAG4LBr2QAYwGUBYEP9yPnsWNeP6x4i1fxDfyTzSy3VxKfmkkYsfz7AdgOBXS+DvhnrvirUEt7O0lv52P3I1LBc+p6fnX1lWhCC+sZjO7XT/JbH5tVqucuar939bHBpDq3iKclAwR2JLNnknqc969s+HfwP1nxVcYsLRplj5lncbYox3JY8CvdLTwF8OvhjZ+d4/v01HWFQPHoemsJHDHoJ5B8sY9cncOymuN8XfFfxL4l08aDbCPRdBThNMsR5cbAdDK/35W9dxx7V5mJzrEYj91hlyQ7jUak1baJ1ph+E/wALnNuUTxbrkP8AyzibFhDIDjDSAHzMHsoOenFcD4l8deI/Gk6f2tcBLaM/ubKAeVbRDoNqDqccZOTXnsSOzDYOOldJY2mQGf6V5lSMaS5pO77vc6YRjBWiX7eNiQM+2BX7D/sOfFu58Q+EL34cazcltS0RRLZGRstLZMcBR3Jibj/dI9K/ImNo48YHIr0D4c/EjU/hr4z03xjpLEz2EoLxhsCaE8SRn2dcj2OD2r5TOsB9eoSppa9PU7MJX5J2ls9/8/kf0NT6lp9tpGqaN4jWNrDUIHUqw3HcQdpA/i54PoDX4U/Gjwgvww+IDpaKy6ZLOLuxfB2hQwZkz3KH9MV+4Gk2mg/FP4b6d4r0fVAkF3DHewKihnZZwDgsT8uOQcDIINfPH7SH7PVp4o8BRtAESWWJSjuSxt76MEBgx52SAcj0J9q/GsoxOa5VjvrGKipYRRtK1rqLla7tf4J82j1s5O1tv3TCcO4LMskjhFUtjL3hfbmSuo300nGyvtdR1018W0bUrS8ggv7NllhuUWVHU5DK4BBHtWt4zTSdW8M3ttqyp9na0lSYnugU5J9wK/Ojw58SPHHwyupvDV2vmxWEzwyWk+Q0TqSGCN1AzzjkelbfjH45eIPFWjSaJawCwiuV2XDh97sh6qOBgHv7VnU8Lsy+vQnh5p07pqafTdO297dvvP1N+NvDtXKpTx3NHERi06Ti9ZWs432tfu07bq58+OAXYRg7QTtPqM8UqW7k81rR23tWhFbp3Ff0U52VmfxXKWplQWRPJGTWitk3pWnHGqngCrkcTycKtYTr2M+YzYbcKKtJb8jArftNGmnIOD+Fdfp3hWWTGV6151bGpdSWzhINNkkIIGK6mw0GRsfIa9NsfCiRKHcAfWtRpNI0pMzugxXDKtVrO0EQ5djndL8OZA3LXVR6dZ2ahpWVcV514g+KekaUrLbOuRXz94m+Mt5eMyWrk59K9nL+FsZindqyLjSlLY+r9S8ZaLpCH51JX3rxvxL8aoYQ0dq49sGvlPUfFWrakxaWZgD2zXPvI7nc5JPvX3mXcD4elaVbVnVDCpbnqWu/E3VtTZhG7BT7153dajd3bFppGbPvWeDS5r7HDYChQXLTjY6VBLY//9T8Mz6001pWGl3eouFhXCd3bO0f416rofgSC0tDrGrypaWcR+e5uOBn0jXqzHsBk1x5hnGHwvut3l2W5jUrxhudJ+zz448Q/C/xPN4l0rTxeyTW5hjgkJVWcn5S2Pm2g9hyenvXffEb4gajq2qHWvinqjX162Xh0azYRxQ+isgJWIH1O6Q968W1v4l2mmQPp3g2L7JDja99KB9ql/3e0Q+nPvXlVtb614lvBDYxSzySt1ALOxPf/wCua+Rq5e8XiHjsUlD/ACXn+Z5lSq5yclodh4u+I+p6+RZqFtrFGzDY22VhT0OM5ZsdWbJPt0rmdG8N634lvEt7WGSZpCAscYJPPYmvStM+H+ieHXV/FU5nuiu77DakNIMjI8yT7qfTk+1daNbv/INlo0aaPZEY8u1yHcYx88v329wMKfSoq5pSoR9ngo/N7fLq/wCtSY05P4fvHaN4D8IeE1E3jK7825j5/syxxJNkdpH+7Hk8HJyP7proL34ka19jbTPCsS+GtNK4aGxYiaUEYPmz8O2R2G1fauJjgjiU4XLe9QtHJyWOK+flN1J89V8z8/0X9M3hSjHVGYVIY4PXqe5JqJoujMc96tO2CdvBPeq5II5PSu2LZqWoAoA29elaaTrGu3OSPyrFjlP3VGKvogI+auerBX1AttcM545+lSKxLZZqjgjJU4GKuxWZJ3VlZLYLn31+yN+1DB8PLCX4b+NLlotIuJd+m3jnMdo8hy8Uh6rE5+YN0Vic8HI/Rf4ofGXw3H4CjbU7hbWCOIzSTswMUkeN0ZQgncSDgY6npX4Aw2h79K2zLdy20dnLPK8EX+rid2KJ/uqTgfhX51n3Av13EVKuFxDpQqq1SKSaavduP8sn1eq1em5+j8M+IX9mUowxOHVWVPWD5rWdrJS0fMl20fS/bS8a69/wmPi/VfEqx+Wt/cNIiEchAAq59yoGfesKO0PB6GrcUOOAK0IrSSTG0GvsqSp4ajGhS0jFJL0Ssj8+x2Nq4rEVMVWd5Tbk/Vu7/Epi3GAKtxWjNgIM10dhoMtwQdufwrvNM8KtkF1rjrY5LY43I4Cy0GWUgkV2un+GGfAK4rtxZWGmRb7hlQD1rjNf+Jmh6HGwidSyjrmoo4fFYqVqaIu3sdpaaHa2SB5SFAHeob/xZoOiRkmRSV9xXyF4q+O11dM8Vk5I9uleKan4y1nVWYzTsobsDX1+XcDValpYh2N4YaT1Z9feKvjjbwB4rNxxkcV8+638TdY1V28uRlU+9eR+a7nc7Fj781Mj195l/DuDwq92N2dcKEYmvc6hd3jF7iRmz71UzUIOafmvdjFRVoo2JM0ZFMz60ZqgH5xS5qME0oNAH//V/KzU9b8JeCI/s9s0esaio+6h/wBFgb/aYffI9BxXi2veK/EPjC/DTSPcvkhI1GIoweyIOAPpTtK8Ianqypfam32Ozc/KWB3yY/uoOT9envXqWl2NppMQi0eD7PgANO/MzcevRfw596+J5sJgbuPv1O/9foeRGn1er/D/AIJyeifD6KN4rzxZcmBW+YW8Y3zsP93omfViK9HjvDa2jafoUI0y0YYbyjmeQekkvDYPcDA9c1DHbENuwS7dT1z6/nVoR7RjIX26mvBxmY1K8r1Hfy6L5GnKr3ZSgs0jXcRnnpV+MblyF2gevSpRsX5mHHYetZ93doB87YxxtFefeVRlEskiRg45JrFurocgnJzVK4vi+UTge1V1VmG416FHDcvvSGPkmd/pT4kY9RwakjhyRgfia0oYRnGM1pOokrICGG2ctkCtqKHAAIyafHGduDwKvKOBtGcd65Jzd9SWxiW2CM1oqMDag9qjiiyQWNaUEDswCD8a551EibjIomXlj+FacEEkpAUE1dt9ImmI+UnNek6H4b+VWlGMdq82vjOkdSXI5Cx0OSUg7c/hXf6X4XzgyDitq5utG0SLfcyKpUdO9eReKvjbpmlI8Nky5HAx1pYXKsXjZWgtCUpSeh7Q40nRI99w6JgeteZeKPjJpGjRPHauuR3zXyP4m+Kmua3IwjkZEOe/NeV3V5cXTl7iRnY92PrX3uWcD042liWdUML/ADHtvir406tqzOlozBSTyeBXjl9rOoai5e7mZ89s8VivJiovM5r7jC5fQw8eWlGx1xpxjsXg1Sq9Znm1MkwzXaWaqvVhWrMSSrKv0FSBoK1TBqoK9TB6YFvdRuqAPRuoAn3U5WyR3qvupVbkUMD/1vyojQySeZctuLdzz9P/ANQ4qw4+U7fkA454NUVmjHI5A/Lmla8ReG/FutfkcoybPMuaYnzGEQhAAOe5qIzxRKecA9STya5u41ZEOUbJ9fX6Cslr152O7IFa08BKWr0Q0jdu9SVcLG/1NZJ8yckngHuaqB4VbP3j61bVmfAHArvjSjTWiKJhGkY45PvU8Y3cDmmIigbnNWUZBwnFZTYrl+CDgFzitGHZ9wfnWVG6ggsc1pQxlyClcNSXLqyWzQAAOOtaMETSkIgqXT9OaQgkZrsrHSMMGxx39K8+pXbfLDUlsy7LSJHxkV3GmeHydpIqrc6xouhw+ZdSqWXsOleQeKfjxa2ga10v5mHGE/qa68JkWLxb1VkEYSlsfRslzomhReZeSqCvYGvI/F3x007TVa201hkZAC9a+R9f+IXiDXnbzJmijP8ACp5/OuHaR3bczEk9zzX2uXcI4ajaVbVnVDCreR614h+Jmua7I371o0b35rgZLl5W8yRi7HnJOaxBIwp/nNX19GhSpLlpqx0qKSsjUaQVWeQYqmZT60wsTW90Mez5pm6m5NJUSqJbDH7hShqjope1AtpMR1q4kwPesinhyKpTTA3kl96nWTNc+s7CrKXXrVAbgkp4eshblT3qYTj1oEaW73o31nicVIjmRgq8k0nsO5//2Q=='),
(47, 'kctilifddhaohflwmb@kiabws.com', '$2y$10$SBudD3Bq5hnwOQwSaWO8vetZn70PAyBGEOwnemkrEnptqbNr1SBfG', 'Васко Василев Василев', 'user', NULL, 'Факултет по биология', 'Молекулярна биология', 2, 2017, 'data:image/tmp;base64,iVBORw0KGgoAAAANSUhEUgAAAXgAAAF4CAYAAABeneKmAAAAGXRFWHRTb2Z0d2FyZQBBZG9iZSBJbWFnZVJlYWR5ccllPAAAAxVpVFh0WE1MOmNvbS5hZG9iZS54bXAAAAAAADw/eHBhY2tldCBiZWdpbj0i77u/IiBpZD0iVzVNME1wQ2VoaUh6cmVTek5UY3prYzlkIj8+IDx4OnhtcG1ldGEgeG1sbnM6eD0iYWRvYmU6bnM6bWV0YS8iIHg6eG1wdGs9IkFkb2JlIFhNUCBDb3JlIDUuNi1jMDE0IDc5LjE1Njc5NywgMjAxNC8wOC8yMC0wOTo1MzowMiAgICAgICAgIj4gPHJkZjpSREYgeG1sbnM6cmRmPSJodHRwOi8vd3d3LnczLm9yZy8xOTk5LzAyLzIyLXJkZi1zeW50YXgtbnMjIj4gPHJkZjpEZXNjcmlwdGlvbiByZGY6YWJvdXQ9IiIgeG1sbnM6eG1wPSJodHRwOi8vbnMuYWRvYmUuY29tL3hhcC8xLjAvIiB4bWxuczp4bXBNTT0iaHR0cDovL25zLmFkb2JlLmNvbS94YXAvMS4wL21tLyIgeG1sbnM6c3RSZWY9Imh0dHA6Ly9ucy5hZG9iZS5jb20veGFwLzEuMC9zVHlwZS9SZXNvdXJjZVJlZiMiIHhtcDpDcmVhdG9yVG9vbD0iQWRvYmUgSW1hZ2VSZWFkeSIgeG1wTU06SW5zdGFuY2VJRD0ieG1wLmlpZDo4QjQ0MUY4NzBGREYxMUU2QUI2RkQ3NTE5QjA3REJCRCIgeG1wTU06RG9jdW1lbnRJRD0ieG1wLmRpZDo4QjQ0MUY4ODBGREYxMUU2QUI2RkQ3NTE5QjA3REJCRCI+IDx4bXBNTTpEZXJpdmVkRnJvbSBzdFJlZjppbnN0YW5jZUlEPSJ4bXAuaWlkOjhCNDQxRjg1MEZERjExRTZBQjZGRDc1MTlCMDdEQkJEIiBzdFJlZjpkb2N1bWVudElEPSJ4bXAuZGlkOjhCNDQxRjg2MEZERjExRTZBQjZGRDc1MTlCMDdEQkJEIi8+IDwvcmRmOkRlc2NyaXB0aW9uPiA8L3JkZjpSREY+IDwveDp4bXBtZXRhPiA8P3hwYWNrZXQgZW5kPSJyIj8+NFQZnwAAEcZJREFUeNrs3Y1VG1magOHCZwNgI3BNBFZHYHUCIEdgOQJDBNgRYEcAHQGCBFqOwJoIrI1g2QjYuuayjb1gS6Cquj/Pc44OM7tnuu2r0sunW6XS3s3NTQNAeV5YAgCBB0DgARB4AAQeAIEHEHhLACDwAAg8AAIPgMADIPAAAm8JAAQeAIEHQOABEHgABB5A4C0BgMADIPAACDwAAg+AwAMIvCUAEHgABB4AgQdA4AEQeACBtwQAAg+AwAMg8AAIPAACDyDwlgBA4AEQeAAEHgCBB0DgAQTeEgAIPAACD4DAAyDwAAg8gMBbAgCBB0DgARB4AAQeAIEHEHhLACDwAAg8AAIPgMADIPAAAm8JAAQeAIEHQOABEHgABB5A4C0BgMADIPAACDwAAg+AwAMIvCUAEHgABB4AgQdA4AEQeACBtwQAAg+AwAMg8AAIPAACD1C9/xjyX7a3t2fFGdTV5WK65f9kdXA4u7ZyDOXm5qa/5vb5Dxd4Boj3fveYdI+X3aO99993YdU9QuzX3eO/4s+1XwIIvMCzu5DfRTsE/VX8z+3If6y72H+JvwiWoo/Aw2ZBDzF/HX9OMvmjh+AvY/RD8NeeTQQeUb9chIjPusdhRkH/nVUM/mUX+6VnGYGntqi/jWFvC//rhu2bRYz9wrOPwFNi1EPI5zHsbaXLsI6x/6uL/cpRIfACT+5hn92b1vlHCPznEHwnaQVe4Mkp6uFk6VHl0/qmrmPoz52cFXiBJ+Wwh5i/b263YvatyNbOu8dHoRd4gSe1sJ/EsCP0CDwFhH0/hv3Iagg9Ak85cf/Q3G7H2Irp36cYeidjBV7g6TXs4WqY08bJ06Fdx8h/shQCL/DsOuwh6GfN7S0EGE+4vPLYJ2QFXuDZVdw/NLZjUmPbRuAFnmeFfRKn9onVSNK6e7wzzQv8z3yjE7+Le7gy5qu4J63tHn93z9WppcAEzyZhD9swF4299tys4jTvHjcmeBM8D8Y9RP2buGdpEqf5uaVA4Pk57h9CIBonUnMWnruz7rk8sxR1s0XDXdi/R6Fxt8fShK2aP11lky5X0dB33Nvmdr/didQyXcfI25evLPC2aMQ9RN1VMmUL787sy1dI4OuOe9iOsd9eT+TPRF7gqSPu4YV+Ie7VOYsn0qmAPfh64+4Ki7qFb456ZxnGZw8ecWfX5i6jLJ/Aizsij8Aj7og8Ao+4k1vk3aisQE6ylh/3cCnkhZVgA+EmZeeWYVg+ycpT4/79xlONSyEReYEX+KLi3ja3n1AVd7bhtgYFBd4efJlxv7uXu7izrbvbGrSWIn8CXyZfr8dzI38RBwUEnoSm9w+NW/7yfGFAcGVN5uzBlxX3aXN7UhV25fjgcPbJMvTHSVY2iXt4O/2tse/O7v3hpGuegbdFUw4nVent2LIfnyeBL2N6P2p8QTb9abvHiWXIjy2a/ON+941M0Lc3B4ezhWXYLVs0/Ip7zDDYsWarJi8Cn/f0/qFxvTvDCXF36WRGbNHkG/e2cSsCxhFuZbC0DLthi4YH3y6LOyMee2RA4POc3sMnVadWgpG0vrg7D7Zo8ot7mNrD1kxrNRhRuOtk+ADU2lI8jy0a7jsSdxIQBg3XxpvgTfA7nt7djoCUOOFqgmdHTsSdBI9JTPAm+GdO722c3sEUb4I3wZuUwLFpgjfBm97BFG+CZxTvLQGmeEzw5U3vrpwhF74YxATPlo7EHe80EfgyvbUEZGLudsICz4a6F8u88alV8nvHicBjescxi8DXOb2HyX1qJchMG+92isDzC3NLQKYOLYHA460uhQ4nTrYKPI/oXhzhe1ZbK0HGbNMIPKZ3CmWbRuAx/VDqMWybRuD5ie0ZDCoIvBcFpM42jcDjRUGhppZA4IninuXESlCI/e6YFnmBJ7I9gykegS/Ua0uAYxqBL5PtGUzwCHxp7L9T8LEt8gJvercEOLYReG9lISf24QW+eq8sASZ4BN6LAHLSWgKB9yKAQjnRKvAOfjDAIPAOfnCMI/AOfkiBiwgEvlovLQGF8+UfAm+Ch0K5SkzgTTfgGEfgTTeQlavLhXeqAg8USuAFvrqpxltXQOALZXsGEHjAMIPAA+mxHSnwAAg8AAIPIPAACDwAAg+AwAMg8AAIPDC6pSUQ+NqsLQEg8AU6OJwJPCDwgHerCLwDH7xbFXhLIPCAwNOfa0tA4ZaWQOBr9W9LAAh8mdaWgMJ9sQQCL/BQJtuQAl+tlSXAMY7AF+jgcHZtwkHgEXgvAMjNOg4xCHy1nITC8ILAexFAVlwGLPACbwko1NISCHzV4n061lYCwwsCb9KBLOLuBKvAc8uJVgwtCLwXAxha+LW9m5ub4f5le3tW/DeuLhffuh+tlaAEB4czL/rf6LPBJvj0LCwBjmUE3ltacCwj8Bm9pQ1Tj6sOMMEj8F4YkKSV72AVeB52aQnI3F+WQOB5gG0avAtF4Mt2bgnINe62ZwQeb3Epky3GRPigU8KuLhdfux8TK0FGrrvp/T8tw+Z80Kleny0BmTm3BOkQ+LQ52YqhBIEvUbzNqomIbAYSJ1cFHhMRjlUEnjgRmeJJ3bI7VpeWQeDZ3kdLQOJc1ivwmOIp0Lo7Rh2fAo8pHscmAo8pnhysTO8Cj0mJMh1bAoFnd1P8JytBIlw5I/D0MMX7dCspeGcJBJ7dTvHXja0axvfJp1YFnn4iH7ZpVlaCkRgyBB5vjyn12IvvJBF4epriwwTvhCtDW8avlETg6Vl4m7y2DAzk2jtHgWe4Kd4LjkEHCidWBZ5hI79sbNXQv0U8uY/AM3Dkw6cJXVVDX7xTFHhG9q7xASj68cZVMwLPuFN8mODdF4Rd++h2BPnau7m5Ge5ftrdnxXt2dbk4637MrQQ7EC6J/NMy9KvPBpvgy5vkw1aN/Xiea9093liGvAl8mcLUZc+UpwrHjn13gSfRKf5a5HmG43hOB4En0ciHF6hL29jWO9/QJPDkEfmFyLOFc3EXePKK/LnIs2HcHScCT6aR9zFzxL0yroOviGvkEff0uA6eXU3y4YV8biUQ9zoIfJ2Rd0sDxL0CtmgqdXW5mHc/zqyEuDMuWzT0McmfN66uqdFHcTfBm+DrmeQn3Y+/u8e+1SieDzGZ4Klskg+feA23NVhbjWJ9v3WFuNdH4LmL/B/dY2k1irOKcffcVsgWDT+4ulycdj+OrEQRvt+qwl0h09ZngwWehyI/a26vsLEvn69jX5It8ALPY5Fvux8X3WNiNbKybm7v5e52vwIv8AWEeNr9OAkv7D4uf7Nlk5VetmTiZyZO4ruChWUWeIEfZsIO8Z3d+z+f9xT58EskbNm0Vj5J1zHsix6e+5/vX7RsfBG3wAt8b2Hfj9PUY1P1eZy0rgf+91LQ1P5I3H8+zkLo154CgRf43bzgjmJkf3fy8+7SuD5e9NP4zsHe/LjWTY9bJhveeTQcX5+7xydX6gi8wA8b1d4iv+UvG3bvY19Rje/UQtxnqfyyEXiBLzXs+zHs8yf+I+4+wbhK9M/HdhYxpOsen8+/n/HubNncbhetPVUCz69fbPMYz+dOyL2dgLv3Z23j1Df1zPUihLPXE5s7vCfR922b7s/6wdMm8AwXy94/+HLvkk2hzyTsOx4m7lvFwcL1+AJPfKH1va89yEfXhT6PsMfnqu/POXw0zQu8qX24LY7BJqv49wqhn3uWN/4F/HmgsIch4qK0Y07gBT61uPfx9vh3wgR/PNTtY2NMwpT4tvFhqYeei/MY9vVAz8c0xn3oK6BM8wJfTdifcjlaHxPjoHcbjDcyOzTVf1/7y6Hv0d6t/4f4rmosy8aVNgJfeNynTTof/V/HF9xy4DXYj7/cDkf+JTeksEXxV4j70IGLV8mEYy6FD6j1fmWXwAv8WHEfe4J6zKf4Fvp6hDUpOfbhF+flGFG/t75he+w0wbUJ716Oa/8UrMCXEfYhT2plNc0/8g7nMK5VbrdEWMWofwk/x4xXYlP7r9ar6hOwAp9/3HP7YuukJqsY/PB4FWPVJrJO1zFQX+7CnsKa3TupfZLJ8TboSX+BF/ga3h5v8qL7mOK3AsWATeLjZfy53+Okuo6PEPH/iRP6OsUThfEk9mmT59VK4f46xwIv8DmEvZT7tKzidLXMaO2n9/7rZMt3Tvf/nqtc9ocLul1EWP83Ne3LC3yecX/OTZtSfeG5vC3NsJf2YbJ1U9HXDgp8Xi+43Pbbt3Xe+KKHVIaIsP33vtBjrZpLKQU+nxddmKJOmzrukS70wj6E4xTPAwl8ZYHP+GSq0OdxfLUx6vOmvi9Z6eW7hgVe4Dd98W3y9WalWza+jLmPY2tyL+w1G/y2GgIv8OL+/4VJ/nOcunxP59OPq3kMu+++/UevX0Mp8AJ//wVY4pUyO39r3T3+MtVvNa2/berchtkm8m9K2hIUeHEvYapfxNi7J/iPx1Lb3N5/563jaWO9ftewwFcceHEXe1EXeYEvMPDxhXnhRbnT2C+b27stLkves4+3EHgdw9566kVe4NN6gZb+AaYUJHMnxh0cL9Pm9rYBrxvfTSvyAi/uPDrh/zvGP8l7w8SYh2Pk7m6X3uGJvMCLO098Ma+aH+/s2PR9pc69G5jd3bwsTOZtY7tF5AU+z8DHE6pfvYizm/rX9/77ly3/96/u/TLv8xbEiLzAjxx3V8uAyGcb+BeOB3GHgnx/7cat1eqZ4MUdSrTuHn/kcCWWCX5YqX9JMfB7bZzkq744QuB/nN5D3GdWAoowqT3yAv9P3D807goJJUb+tNa/vD345v9uzXrmtQDF+nRwODtO8Q/mMsl+4z5tbk+qAmULXxhyLvCVBN6nVKE6f6b2/QSuoukn7iHqZ+IOVbmo6Rr5mk+yuhwS6vN9sKvlypoqAx+vmHE5JNRp0lRyUUV1gY9fvHDiGIeqzeKgV7SqTrLGb2T62th3B26NftLVVTS7ibt7zAA/C/eq+deY96xxFc1unIo78JMw+F2U+perIvBx333uWAYeMC11P774LRr77sCGRtmPt0XzPBfiDmyguOvjiw58fNtl3x3YRHi3X9T18cVu0cSPI391zAJbenNwOFsM9S9zmeT2cXdJJPBU4ZLJ8HV/69wDX+oWzYm4A090dyPC7BUX+Hh/9yPHKPAM4dLJ7DtS4gR/6tgEdrETkPtVNUUF3lUzwA5lv1VTzElWV80APen1qhonWTdjawbopS25btUUEfhu8efdj6njEOhB22R64Ub2WzTxN+u3xu0IgH6Fa+NXu/6H2qL5tRNxBwaQ3TZw1hN8vFPkN8cdMJCdn3A1wT/uzPEGmOILC3z8xOrU8QYMqM3py0FynuBN78AY3udy2WSWgY+XRbaOM2AEIe4nOfxBszvJGn9zfhV4YGT/2sUthZ1k/dGRuAMJSH6Kz2qC96EmoLQp3gT/4/Qu7oApvqQJ3vQOlDjFm+BN74ApvswJ3vQOlDrFm+BN74ApvtjAv3X8AAmbx5sfCvw2fGoVyMR7gS/krQ/AA1N8UlvJSQc+3jHS9A7kIMQ9qa/2S32CN70DOUnqfGGygY8nLKaOFyAjbTxvKPC/8d6xApjiny7JDzr5YBOQuY0/+FTjB51m4g5kLIkdiBcWB2Dn5gL/gKvLxaT7MXF8ABnbT+Fka4oTvNsSACUYvWUpBn7uuAAKMB37/jRJBb5bDCdXgZLMBP4fh44HoCCjXjCSzHXw8dr3/3Y8AIX54+Bwtnrs/1nLdfAzxwFQoNFOtqYUeNszQIlGG16T2KKxPQMU7tFtmhq2aGzPACUbZZsmlcDbngFKNsoQm0rgp55/oGBtvA1LXYH34SagEoMPsilM8K8970AFBt+KTiHwTrACVUzw8YrBOgIfb8TTet6BWiJf0wRvegdqMug2zdiBt/8OmOALDfzU8w1UpB3yHvGjBT5eE+rySMAUX+AEb3oHajTY1vSLGv6SACZ4EzxA3wbbhx8l8PbfAVN8uRP8xPMLVOxVyYG3/w7UbJAh1wQPMLypwAMU6upy0XvkX5T4lwLIQO+D7osS/1IAGXhZYuBfel4BTPAApZoKPECh+v5E64uB/zLh06s+wQpwq5zAm94BfjDt8x/+vwIMAFG+e4v/gwG8AAAAAElFTkSuQmCC');

--
-- Indexes for dumped tables
--

--
-- Indexes for table `announcements`
--
ALTER TABLE `announcements`
  ADD PRIMARY KEY (`author_id`,`title`);

--
-- Indexes for table `events`
--
ALTER TABLE `events`
  ADD PRIMARY KEY (`id`);

--
-- Indexes for table `groups`
--
ALTER TABLE `groups`
  ADD PRIMARY KEY (`id`);

--
-- Indexes for table `posts`
--
ALTER TABLE `posts`
  ADD PRIMARY KEY (`id`);

--
-- Indexes for table `users`
--
ALTER TABLE `users`
  ADD PRIMARY KEY (`id`);

--
-- AUTO_INCREMENT for dumped tables
--

--
-- AUTO_INCREMENT for table `events`
--
ALTER TABLE `events`
  MODIFY `id` int(11) NOT NULL AUTO_INCREMENT, AUTO_INCREMENT=9;

--
-- AUTO_INCREMENT for table `groups`
--
ALTER TABLE `groups`
  MODIFY `id` int(11) NOT NULL AUTO_INCREMENT, AUTO_INCREMENT=68;

--
-- AUTO_INCREMENT for table `posts`
--
ALTER TABLE `posts`
  MODIFY `id` int(11) NOT NULL AUTO_INCREMENT, AUTO_INCREMENT=39;

--
-- AUTO_INCREMENT for table `users`
--
ALTER TABLE `users`
  MODIFY `id` int(11) NOT NULL AUTO_INCREMENT, AUTO_INCREMENT=49;
COMMIT;

/*!40101 SET CHARACTER_SET_CLIENT=@OLD_CHARACTER_SET_CLIENT */;
/*!40101 SET CHARACTER_SET_RESULTS=@OLD_CHARACTER_SET_RESULTS */;
/*!40101 SET COLLATION_CONNECTION=@OLD_COLLATION_CONNECTION */;
